address,suburb,postcode,price_raw,property_type,bedrooms,bathrooms,car_spaces,land_size,distance_km_from_wilgena,high_schools,primary_schools,url
"3/126 Cross Road,Highgate SA 5063",Highgate,5063,Offers Closing 09/09 USP,Townhouse,3,1,2,N/A,0.84,Unley High School [Prestigious Zone]; Mitcham Girls High School (State-wide Zone for girls),Highgate School (Top Ranked Primary),https://www.homely.com.au/homes/3-126-cross-road-highgate-sa-5063/13439667
"6/2 Cross Street,Fullarton SA 5063",Fullarton,5063,$850k - $920k,House,3,1,1,N/A,1.24,Glenunga International High (GIHS) / Unley High (Dual Zone depending on street); Mitcham Girls High School (State-wide Zone for girls),Highgate School / Parkside Primary,https://www.homely.com.au/homes/6-2-cross-street-fullarton-sa-5063/13455168
"1,2,3,4,5/348 Fullarton Road,Fullarton SA 5063",Fullarton,5063,"$1,000,000 - $1,100,000",House,3,2,3,181.42 m²,1.24,Glenunga International High (GIHS) / Unley High (Dual Zone depending on street); Mitcham Girls High School (State-wide Zone for girls),Highgate School / Parkside Primary,https://www.homely.com.au/homes/12345-348-fullarton-road-fullarton-sa-5063/12511884
"3/40 Windsor Road,Glenunga SA 5064",Glenunga,5064,"$1,050,000 - $1,100,000",Unit / Villa,3,2,1,1570.061376 m²,1.24,Glenunga International High School (GIHS) [Tier 1 Zone]; Mitcham Girls High School (State-wide Zone for girls),Glenunga International Primary / Linden Park Primary,https://www.homely.com.au/homes/3-40-windsor-road-glenunga-sa-5064/13354639
"36 Fisher Street,Fullarton SA 5063",Fullarton,5063,$1.25m - $1.35m,House,3,2,2,474 m²,1.24,Glenunga International High (GIHS) / Unley High (Dual Zone depending on street); Mitcham Girls High School (State-wide Zone for girls),Highgate School / Parkside Primary,https://www.homely.com.au/homes/36-fisher-street-fullarton-sa-5063/13412230
"3/44 Florence Street,Fullarton SA 5063",Fullarton,5063,Best Offer By Monday 28th September @ 5pm,Townhouse,3,2,2,199 m²,1.24,Glenunga International High (GIHS) / Unley High (Dual Zone depending on street); Mitcham Girls High School (State-wide Zone for girls),Highgate School / Parkside Primary,https://www.homely.com.au/homes/3-44-florence-street-fullarton-sa-5063/13500599
"6/308 Fullarton Road,Fullarton SA 5063",Fullarton,5063,UNDER CONTRACT,Townhouse,3,2,2,107 m²,1.24,Glenunga International High (GIHS) / Unley High (Dual Zone depending on street); Mitcham Girls High School (State-wide Zone for girls),Highgate School / Parkside Primary,https://www.homely.com.au/homes/6-308-fullarton-road-fullarton-sa-5063/12959944
"4 Elinor Terrace,Glen Osmond SA 5064",Glen Osmond,5064,Under Contract,House,3,1,3,914 m²,1.36,Glenunga International High School (GIHS) [Tier 1 Zone]; Mitcham Girls High School (State-wide Zone for girls),Glen Osmond Primary School,https://www.homely.com.au/homes/4-elinor-terrace-glen-osmond-sa-5064/13194447
"16/5 Mount Barker Road,Urrbrae SA 5064",Urrbrae,5064,EOI: ($1.1M-$1.2M) Closes Monday 20 Sept,House,3,2,2,1560.771072 m²,1.55,Unley High School [Prestigious Zone]; Mitcham Girls High School (State-wide Zone for girls),Local Zoned Public Primary,https://www.homely.com.au/homes/16-5-mount-barker-road-urrbrae-sa-5064/13479344
"15 Main Avenue,Frewville SA 5063",Frewville,5063,Auction On-Site Saturday 26th September 10:00AM,House,3,1,1,159 m²,1.7,Glenunga International High School (GIHS) [Tier 1 Zone]; Mitcham Girls High School (State-wide Zone for girls),Linden Park Primary / Parkside Primary,https://www.homely.com.au/homes/15-main-avenue-frewville-sa-5063/13491031
"4/40 Cedar Crescent,Glenside SA 5065",Glenside,5065,Best Offers By 15/9 (USP),House,3,1,2,N/A,2.06,Glenunga International High School (GIHS) [Tier 1 Zone]; Mitcham Girls High School (State-wide Zone for girls),Linden Park Primary / Parkside Primary,https://www.homely.com.au/homes/4-40-cedar-crescent-glenside-sa-5065/13373064
"13A Broughton Street,Glenside SA 5065",Glenside,5065,Best Offers by 28/9 (USP),House,3,1,1,418 m²,2.06,Glenunga International High School (GIHS) [Tier 1 Zone]; Mitcham Girls High School (State-wide Zone for girls),Linden Park Primary / Parkside Primary,https://www.homely.com.au/homes/13a-broughton-street-glenside-sa-5065/13494295
"3/20 Randolph Avenue,Parkside SA 5063",Parkside,5063,"$1,195,000-$1,295,000",House,3,2,2,N/A,2.35,Glenunga International High / Adelaide High / Adelaide Botanic High (Border Zone); Mitcham Girls High School (State-wide Zone for girls),Local Zoned Public Primary,https://www.homely.com.au/homes/3-20-randolph-avenue-parkside-sa-5063/13345076
"301/293 Fullarton Road,Parkside SA 5063",Parkside,5063,"$1,200,000 - $1,250,000",Apartment,3,2,2,162 m²,2.35,Glenunga International High / Adelaide High / Adelaide Botanic High (Border Zone); Mitcham Girls High School (State-wide Zone for girls),Local Zoned Public Primary,https://www.homely.com.au/homes/301-293-fullarton-road-parkside-sa-5063/13019741
"339B Fullarton Road,Parkside SA 5063",Parkside,5063,Contact Agent,Townhouse,3,2,2,N/A,2.35,Glenunga International High / Adelaide High / Adelaide Botanic High (Border Zone); Mitcham Girls High School (State-wide Zone for girls),Local Zoned Public Primary,https://www.homely.com.au/homes/339b-fullarton-road-parkside-sa-5063/9512096
"7 Leicester Street,Parkside SA 5063",Parkside,5063,SOLD - Contact Agent,House,3,1,3,817 m²,2.35,Glenunga International High / Adelaide High / Adelaide Botanic High (Border Zone); Mitcham Girls High School (State-wide Zone for girls),Local Zoned Public Primary,https://www.homely.com.au/homes/7-leicester-street-parkside-sa-5063/12570454
"1 & 4/283 Fullarton Road,Parkside SA 5063",Parkside,5063,Contact Agent,Townhouse,3,2,2,N/A,2.35,Glenunga International High / Adelaide High / Adelaide Botanic High (Border Zone); Mitcham Girls High School (State-wide Zone for girls),Local Zoned Public Primary,https://www.homely.com.au/homes/1-4-283-fullarton-road-parkside-sa-5063/13412921
"29 Robsart Street,Parkside SA 5063",Parkside,5063,Best Offers,House,3,1,2,790 m²,2.35,Glenunga International High / Adelaide High / Adelaide Botanic High (Border Zone); Mitcham Girls High School (State-wide Zone for girls),Local Zoned Public Primary,https://www.homely.com.au/homes/29-robsart-street-parkside-sa-5063/13316254
"2 Pitfour Road,Lower Mitcham SA 5062",Lower Mitcham,5062,$1M — $1.1M,House,3,1,2,492 m²,2.68,Unley High School [Prestigious Zone]; Mitcham Girls High School (State-wide Zone for girls),Mitcham Primary School / Clapham Primary,https://www.homely.com.au/homes/2-pitfour-road-lower-mitcham-sa-5062/13496099
"18 John Fisher Drive,Torrens Park SA 5062",Torrens Park,5062,$1.2m - $1.28m,House,3,2,2,553 m²,2.77,Unley High School [Prestigious Zone]; Mitcham Girls High School (State-wide Zone for girls),Mitcham Primary School / Clapham Primary,https://www.homely.com.au/homes/18-john-fisher-drive-torrens-park-sa-5062/10741959
"8 Pamela Road,Torrens Park SA 5062",Torrens Park,5062,Auction (USP),House,3,1,2,774 m²,2.77,Unley High School [Prestigious Zone]; Mitcham Girls High School (State-wide Zone for girls),Mitcham Primary School / Clapham Primary,https://www.homely.com.au/homes/8-pamela-road-torrens-park-sa-5062/10699481
"2. Miller Street,Unley SA 5061",Unley,5061,Contact Agent,House,3,1,1,94 m²,2.78,Unley High School [Prestigious Zone]; Mitcham Girls High School (State-wide Zone for girls),Unley Primary School,https://www.homely.com.au/homes/2-miller-street-unley-sa-5061/13132242
"34 Austral Avenue,Linden Park SA 5065",Linden Park,5065,Best Offers By 21/9 (USP),House,3,2,2,836 m²,2.82,Glenunga International High School (GIHS) [Tier 1 Zone]; Mitcham Girls High School (State-wide Zone for girls),Linden Park Primary School,https://www.homely.com.au/homes/34-austral-avenue-linden-park-sa-5065/13475248
"28 Mount Osmond Road,Mount Osmond SA 5064",Mount Osmond,5064,Contact Agent,House,3,1,4,150 m²,3.0,Mitcham Girls High School (State-wide Zone for girls),Glen Osmond Primary School,https://www.homely.com.au/homes/28-mount-osmond-road-mount-osmond-sa-5064/13497433
"2 The Common,Beaumont SA 5066",Beaumont,5066,Best Offers By Monday 28th September 12PM (USP),House,3,2,2,537 m²,3.13,Mitcham Girls High School (State-wide Zone for girls),Local Zoned Public Primary,https://www.homely.com.au/homes/2-the-common-beaumont-sa-5066/13479904
"10B Finchley Street,Clovelly Park SA 5042",Clovelly Park,5042,"$760,000-$790,000",House,3,1,2,105 m²,3.5,Mitcham Girls High School (State-wide Zone for girls),Local Zoned Public Primary,https://www.homely.com.au/homes/10b-finchley-street-clovelly-park-sa-5042/13478608
"22 Hawker Avenue,Plympton Park SA 5038",Plympton Park,5038,"$790,000-$840,000",House,3,1,1,209 m²,3.5,Mitcham Girls High School (State-wide Zone for girls),Local Zoned Public Primary,https://www.homely.com.au/homes/22-hawker-avenue-plympton-park-sa-5038/13496940
"37 Sylvan Way,Glenalta SA 5052",Glenalta,5052,"Price Guide $800,000 - $850,000",House,3,1,0,908 m²,3.5,Mitcham Girls High School (State-wide Zone for girls),Local Zoned Public Primary,https://www.homely.com.au/homes/37-sylvan-way-glenalta-sa-5052/13495627
"56 Lloyd Street,St Marys SA 5042",St Marys,5042,$820K,House,3,1,1,776 m²,3.5,Mitcham Girls High School (State-wide Zone for girls),Local Zoned Public Primary,https://www.homely.com.au/homes/56-lloyd-street-st-marys-sa-5042/13474637
"19A Adelaide Terrace,Edwardstown SA 5039",Edwardstown,5039,$895k to $925k,House,3,2,2,179 m²,3.5,Mitcham Girls High School (State-wide Zone for girls),Local Zoned Public Primary,https://www.homely.com.au/homes/19a-adelaide-terrace-edwardstown-sa-5039/13493619
"9 Mullins Street,Pasadena SA 5042",Pasadena,5042,$898k,House,3,1,4,863 m²,3.5,Mitcham Girls High School (State-wide Zone for girls),Local Zoned Public Primary,https://www.homely.com.au/homes/9-mullins-street-pasadena-sa-5042/13498479
"2 Colorado Drive,Glenalta SA 5052",Glenalta,5052,"$1,000,000 - $1,100,000",House,3,1,1,741 m²,3.5,Mitcham Girls High School (State-wide Zone for girls),Local Zoned Public Primary,https://www.homely.com.au/homes/2-colorado-drive-glenalta-sa-5052/13475737
"27A Marleston Avenue,Ashford SA 5035",Ashford,5035,"$1,049,000 to $1,150,000",House,3,2,2,N/A,3.5,Mitcham Girls High School (State-wide Zone for girls),Local Zoned Public Primary,https://www.homely.com.au/homes/27a-marleston-avenue-ashford-sa-5035/13502861
"6a Wingfield Street,Clovelly Park SA 5042",Clovelly Park,5042,Contact Agent,House,3,2,1,431 m²,3.5,Mitcham Girls High School (State-wide Zone for girls),Local Zoned Public Primary,https://www.homely.com.au/homes/6a-wingfield-street-clovelly-park-sa-5042/13479806
"9 Ellis Street,Magill SA 5072",Magill,5072,Offers Closing - 01/10/26 Unless Sold Prior,House,3,1,2,680 m²,3.5,Mitcham Girls High School (State-wide Zone for girls),Local Zoned Public Primary,https://www.homely.com.au/homes/9-ellis-street-magill-sa-5072/13501258
"2/4 Greer Place,Magill SA 5072",Magill,5072,Contact Agent,Townhouse,3,2,1,112 m²,3.5,Mitcham Girls High School (State-wide Zone for girls),Local Zoned Public Primary,https://www.homely.com.au/homes/2-4-greer-place-magill-sa-5072/13432793
"30 Green Street,St Morris SA 5068",St Morris,5068,Offers Closing 01/10 USP,House,3,1,2,600 m²,3.5,Mitcham Girls High School (State-wide Zone for girls),Local Zoned Public Primary,https://www.homely.com.au/homes/30-green-street-st-morris-sa-5068/13501309
"D2/38 Galway Avenue,North Plympton SA 5037",North Plympton,5037,Contact Agent,House,3,2,2,200 m²,3.5,Mitcham Girls High School (State-wide Zone for girls),Local Zoned Public Primary,https://www.homely.com.au/homes/d2-38-galway-avenue-north-plympton-sa-5037/13496756
"2/12 Hazelwood Avenue,Hazelwood Park SA 5066",Hazelwood Park,5066,Contact Agent,House,3,2,2,526 m²,3.55,Mitcham Girls High School (State-wide Zone for girls),Local Zoned Public Primary,https://www.homely.com.au/homes/2-12-hazelwood-avenue-hazelwood-park-sa-5066/13477242
"11 Windarra Avenue,Burnside SA 5066",Burnside,5066,AUCTION: Friday 18 September at 2:30pm,House,3,2,2,2675.607552 m²,3.83,Mitcham Girls High School (State-wide Zone for girls),Local Zoned Public Primary,https://www.homely.com.au/homes/11-windarra-avenue-burnside-sa-5066/13475560
"2B Hill Street,Burnside SA 5066",Burnside,5066,UNDER CONTRACT,House,3,2,1,374 m²,3.83,Mitcham Girls High School (State-wide Zone for girls),Local Zoned Public Primary,https://www.homely.com.au/homes/2b-hill-street-burnside-sa-5066/13181395
"609 Greenhill Road,Burnside SA 5066",Burnside,5066,UNDER CONTRACT,House,3,1,2,490 m²,3.83,Mitcham Girls High School (State-wide Zone for girls),Local Zoned Public Primary,https://www.homely.com.au/homes/609-greenhill-road-burnside-sa-5066/13290825
"10/27 Trevelyan Street,Wayville SA 5034",Wayville,5034,$699K - $759K,Unit / Villa,3,1,1,N/A,4.28,Mitcham Girls High School (State-wide Zone for girls),Local Zoned Public Primary,https://www.homely.com.au/homes/10-27-trevelyan-street-wayville-sa-5034/13498870
"2/3 George Street,Clarence Park SA 5034",Clarence Park,5034,"$845,000 to $885,000",Townhouse,3,1,1,N/A,4.87,Mitcham Girls High School (State-wide Zone for girls),Local Zoned Public Primary,https://www.homely.com.au/homes/2-3-george-street-clarence-park-sa-5034/13414295
"7 William Street,Clarence Park SA 5034",Clarence Park,5034,Auction On-Site Thursday 24th Sept 1:30PM $1.2M,House,3,1,1,474 m²,4.87,Mitcham Girls High School (State-wide Zone for girls),Local Zoned Public Primary,https://www.homely.com.au/homes/7-william-street-clarence-park-sa-5034/13476288
"4/5 Avondale Street,Clarence Park SA 5034",Clarence Park,5034,Auction On-Site Wednesday 30th September 6:00PM,Townhouse,3,2,2,191 m²,4.87,Mitcham Girls High School (State-wide Zone for girls),Local Zoned Public Primary,https://www.homely.com.au/homes/4-5-avondale-street-clarence-park-sa-5034/13490388
"9 Parker Terrace,Clarence Park SA 5034",Clarence Park,5034,Contact Agent,House,3,2,4,200 m²,4.87,Mitcham Girls High School (State-wide Zone for girls),Local Zoned Public Primary,https://www.homely.com.au/homes/9-parker-terrace-clarence-park-sa-5034/13501065
