address,suburb,postcode,region,price_raw,property_type,bedrooms,bathrooms,car_spaces,land_size,distance_km_from_wilgena,school_zone,safety_rating,year_built,listed_date,url
"15/501 Fullarton Road,Highgate SA 5063",Highgate,5063,City of Unley & Prestige South,"$990,000",House,3,2,2,N/A,0.84,Unley High School [Prestigious Zone],Grade A+ (Ultra-Prestige Corridor ~20-25/1k),c.1965 - 1985 (Solid Brick Family),14/09/2026,https://www.domain.com.au/sale/?terms=15%2F501+Fullarton+Road%2C+Highgate+SA+5063
"3/126 Cross Road,Highgate SA 5063",Highgate,5063,City of Unley & Prestige South,UNDER CONTRACT,Townhouse,3,1,2,N/A,0.84,Unley High School [Prestigious Zone],Grade A+ (Ultra-Prestige Corridor ~20-25/1k),c.2005 - 2020 (Modern Executive),14/09/2026,https://www.domain.com.au/sale/?terms=3%2F126+Cross+Road%2C+Highgate+SA+5063
"3/40 Windsor Road,Glenunga SA 5064",Glenunga,5064,City of Burnside & Core East,"$1,000,000",Unit / Villa,3,2,1,1570.061376 m²,1.24,Glenunga International High School (GIHS) [Tier 1],Grade A+ (Ultra-Prestige Corridor ~20-25/1k),c.1975 - 1990 (Solid Brick Colonial),14/09/2026,https://www.domain.com.au/sale/?terms=3%2F40+Windsor+Road%2C+Glenunga+SA+5064
"1,2,3,4,5/348 Fullarton Road,Fullarton SA 5063",Fullarton,5063,City of Unley & Prestige South,"$1,000,000 - $1,100,000",House,3,2,3,181.42 m²,1.24,Glenunga Int. High / Unley High (Dual Zone),"Grade A (High Safety, Family Oriented ~30-36/1k)",c.1965 - 1985 (Solid Brick Family),14/09/2026,https://www.domain.com.au/sale/?terms=1%2C2%2C3%2C4%2C5%2F348+Fullarton+Road%2C+Fullarton+SA+5063
"36 Fisher Street,Fullarton SA 5063",Fullarton,5063,City of Unley & Prestige South,$1.175m Best Offers by 7th of October,House,3,2,2,204.9 m²,1.24,Glenunga Int. High / Unley High (Dual Zone),"Grade A (High Safety, Family Oriented ~30-36/1k)",c.1965 - 1985 (Solid Brick Family),14/09/2026,https://www.domain.com.au/sale/?terms=36+Fisher+Street%2C+Fullarton+SA+5063
"3/44 Florence Street,Fullarton SA 5063",Fullarton,5063,City of Unley & Prestige South,Sold by Crawford Doran,Townhouse,3,2,2,N/A,1.24,Glenunga Int. High / Unley High (Dual Zone),"Grade A (High Safety, Family Oriented ~30-36/1k)",c.2005 - 2020 (Modern Executive),14/09/2026,https://www.domain.com.au/sale/?terms=3%2F44+Florence+Street%2C+Fullarton+SA+5063
"6/308 Fullarton Road,Fullarton SA 5063",Fullarton,5063,City of Unley & Prestige South,UNDER CONTRACT,Townhouse,3,2,2,107 m²,1.24,Glenunga Int. High / Unley High (Dual Zone),"Grade A (High Safety, Family Oriented ~30-36/1k)",c.2005 - 2020 (Modern Executive),14/09/2026,https://www.domain.com.au/sale/?terms=6%2F308+Fullarton+Road%2C+Fullarton+SA+5063
"2A Montrose Avenue,Netherby SA 5062",Netherby,5062,City of Mitcham & Foothills,Contact Agent,House,3,2,2,650 m²,1.27,Unley High School [Prestigious Zone],Grade A- (Established Safe Residential Suburb ~40-46/1k),c.1965 - 1985 (Solid Brick Family),01/10/2026,https://www.domain.com.au/sale/?terms=2A+Montrose+Avenue%2C+Netherby+SA+5062
"1 Milne Street,Glen Osmond SA 5064",Glen Osmond,5064,City of Burnside & Core East,Under Contract,House,3,2,1,457 m²,1.36,Glenunga International High School (GIHS) [Tier 1],Grade A- (Established Safe Residential Suburb ~40-46/1k),c.1965 - 1985 (Solid Brick Family),23/09/2026,https://www.domain.com.au/sale/?terms=1+Milne+Street%2C+Glen+Osmond+SA+5064
"4 Elinor Terrace,Glen Osmond SA 5064",Glen Osmond,5064,City of Burnside & Core East,Under Contract,House,3,1,3,914 m²,1.36,Glenunga International High School (GIHS) [Tier 1],Grade A- (Established Safe Residential Suburb ~40-46/1k),c.1965 - 1985 (Solid Brick Family),14/09/2026,https://www.domain.com.au/sale/?terms=4+Elinor+Terrace%2C+Glen+Osmond+SA+5064
"16/5 Mount Barker Road,Urrbrae SA 5064",Urrbrae,5064,City of Mitcham & Foothills,Under Contract,House,3,2,2,1560.771072 m²,1.55,Unley High School [Prestigious Zone],Grade A- (Established Safe Residential Suburb ~40-46/1k),c.1965 - 1985 (Solid Brick Family),14/09/2026,https://www.domain.com.au/sale/?terms=16%2F5+Mount+Barker+Road%2C+Urrbrae+SA+5064
"11 Knox Street,Frewville SA 5063",Frewville,5063,City of Burnside & Core East,Contact Agent,House,3,1,2,463 m²,1.7,Glenunga International High School (GIHS) [Tier 1],Grade A- (Established Safe Residential Suburb ~40-46/1k),c.1965 - 1985 (Solid Brick Family),17/09/2026,https://www.domain.com.au/sale/?terms=11+Knox+Street%2C+Frewville+SA+5063
"12 Bakers Road,Kingswood SA 5062",Kingswood,5062,City of Mitcham & Foothills,Contact Agent,House,3,2,2,396 m²,1.95,Unley High School [Prestigious Zone],Grade A+ (Ultra-Prestige Corridor ~20-25/1k),c.1965 - 1985 (Solid Brick Family),24/09/2026,https://www.domain.com.au/sale/?terms=12+Bakers+Road%2C+Kingswood+SA+5062
"31 Lomandra Avenue,Glenside SA 5065",Glenside,5065,City of Burnside & Core East,Contact Agent,Townhouse,3,2,2,N/A,2.06,Glenunga International High School (GIHS) [Tier 1],Grade A- (Established Safe Residential Suburb ~40-46/1k),c.2005 - 2020 (Modern Executive),23/09/2026,https://www.domain.com.au/sale/?terms=31+Lomandra+Avenue%2C+Glenside+SA+5065
"13A Broughton Street,Glenside SA 5065",Glenside,5065,City of Burnside & Core East,Under Contract,House,3,1,2,418 m²,2.06,Glenunga International High School (GIHS) [Tier 1],Grade A- (Established Safe Residential Suburb ~40-46/1k),c.1965 - 1985 (Solid Brick Family),14/09/2026,https://www.domain.com.au/sale/?terms=13A+Broughton+Street%2C+Glenside+SA+5065
"8 Mulberry Road,Glenside SA 5065",Glenside,5065,City of Burnside & Core East,Contact Agent,Townhouse,3,2,2,311 m²,2.06,Glenunga International High School (GIHS) [Tier 1],Grade A- (Established Safe Residential Suburb ~40-46/1k),c.2005 - 2020 (Modern Executive),29/09/2026,https://www.domain.com.au/sale/?terms=8+Mulberry+Road%2C+Glenside+SA+5065
"4/319 Fullarton Road,Parkside SA 5063",Parkside,5063,City of Unley & Prestige South,$880k - $965k,Townhouse,3,1,2,146 m²,2.43,Adelaide High & Adelaide Botanic High [Dual City Zone],"Grade A (High Safety, Family Oriented ~30-36/1k)",c.2005 - 2020 (Modern Executive),22/09/2026,https://www.domain.com.au/sale/?terms=4%2F319+Fullarton+Road%2C+Parkside+SA+5063
"301/293 Fullarton Road,Parkside SA 5063",Parkside,5063,City of Unley & Prestige South,"$1,200,000 - $1,250,000",Apartment,3,2,2,162 m²,2.43,Adelaide High & Adelaide Botanic High [Dual City Zone],"Grade A (High Safety, Family Oriented ~30-36/1k)",c.1965 - 1985 (Solid Brick Family),14/09/2026,https://www.domain.com.au/sale/?terms=301%2F293+Fullarton+Road%2C+Parkside+SA+5063
"1-3/8 Liston Street,Parkside SA 5063",Parkside,5063,City of Unley & Prestige South,Contact Agent,Unit / Villa,3,3,1,573 m²,2.43,Adelaide High & Adelaide Botanic High [Dual City Zone],"Grade A (High Safety, Family Oriented ~30-36/1k)",1900,09/10/2026,https://www.domain.com.au/sale/?terms=1-3%2F8+Liston+Street%2C+Parkside+SA+5063
"10/293 Fullarton Road,Parkside SA 5063",Parkside,5063,City of Unley & Prestige South,Best Offer By 28th October 2026,Townhouse,3,2,1,182 m²,2.43,Adelaide High & Adelaide Botanic High [Dual City Zone],"Grade A (High Safety, Family Oriented ~30-36/1k)",2023,07/10/2026,https://www.domain.com.au/sale/?terms=10%2F293+Fullarton+Road%2C+Parkside+SA+5063
"1 & 4/283 Fullarton Road,Parkside SA 5063",Parkside,5063,City of Unley & Prestige South,Contact Agent,Townhouse,3,2,2,N/A,2.43,Adelaide High & Adelaide Botanic High [Dual City Zone],"Grade A (High Safety, Family Oriented ~30-36/1k)",c.2005 - 2020 (Modern Executive),14/09/2026,https://www.domain.com.au/sale/?terms=1+%26+4%2F283+Fullarton+Road%2C+Parkside+SA+5063
"339B Fullarton Road,Parkside SA 5063",Parkside,5063,City of Unley & Prestige South,UNDER CONTRACT,Townhouse,3,2,2,N/A,2.43,Adelaide High & Adelaide Botanic High [Dual City Zone],"Grade A (High Safety, Family Oriented ~30-36/1k)",c.2005 - 2020 (Modern Executive),14/09/2026,https://www.domain.com.au/sale/?terms=339B+Fullarton+Road%2C+Parkside+SA+5063
"7 Leicester Street,Parkside SA 5063",Parkside,5063,City of Unley & Prestige South,SOLD - Contact Agent,House,3,1,3,817 m²,2.43,Adelaide High & Adelaide Botanic High [Dual City Zone],"Grade A (High Safety, Family Oriented ~30-36/1k)",1900,14/09/2026,https://www.domain.com.au/sale/?terms=7+Leicester+Street%2C+Parkside+SA+5063
"2 Jaffrey Street,Parkside SA 5063",Parkside,5063,City of Unley & Prestige South,Contact Agent,House,3,3,2,351 m²,2.43,Adelaide High & Adelaide Botanic High [Dual City Zone],"Grade A (High Safety, Family Oriented ~30-36/1k)",c.1965 - 1985 (Solid Brick Family),07/10/2026,https://www.domain.com.au/sale/?terms=2+Jaffrey+Street%2C+Parkside+SA+5063
"29 Robsart Street,Parkside SA 5063",Parkside,5063,City of Unley & Prestige South,Contact Agent,House,3,1,2,790 m²,2.43,Adelaide High & Adelaide Botanic High [Dual City Zone],"Grade A (High Safety, Family Oriented ~30-36/1k)",c.1965 - 1985 (Solid Brick Family),14/09/2026,https://www.domain.com.au/sale/?terms=29+Robsart+Street%2C+Parkside+SA+5063
"10 Church Road,Mitcham SA 5062",Mitcham,5062,City of Mitcham & Foothills,Best Offers By Tues 20th October 11am (USP),House,3,3,4,729 m²,2.68,Unley High School [Prestigious Zone],Grade A- (Established Safe Residential Suburb ~40-46/1k),c.1965 - 1985 (Solid Brick Family),02/10/2026,https://www.domain.com.au/sale/?terms=10+Church+Road%2C+Mitcham+SA+5062
"50 Catherine Street,Lower Mitcham SA 5062",Lower Mitcham,5062,City of Mitcham & Foothills,Contact Agent,House,3,1,3,699 m²,2.68,Unley High School [Prestigious Zone],"Grade A (High Safety, Family Oriented ~30-36/1k)",c.1965 - 1985 (Solid Brick Family),02/10/2026,https://www.domain.com.au/sale/?terms=50+Catherine+Street%2C+Lower+Mitcham+SA+5062
"18 John Fisher Drive,Torrens Park SA 5062",Torrens Park,5062,City of Mitcham & Foothills,$1.2m - $1.28m,House,3,2,2,553 m²,2.77,Unley High School [Prestigious Zone],"Grade A (High Safety, Family Oriented ~30-36/1k)",c.1965 - 1985 (Solid Brick Family),14/09/2026,https://www.domain.com.au/sale/?terms=18+John+Fisher+Drive%2C+Torrens+Park+SA+5062
"8 Pamela Road,Torrens Park SA 5062",Torrens Park,5062,City of Mitcham & Foothills,Auction (USP),House,3,1,2,774 m²,2.77,Unley High School [Prestigious Zone],"Grade A (High Safety, Family Oriented ~30-36/1k)",c.1965 - 1985 (Solid Brick Family),14/09/2026,https://www.domain.com.au/sale/?terms=8+Pamela+Road%2C+Torrens+Park+SA+5062
"1&8/392-394 Unley Road,Unley Park SA 5061",Unley Park,5061,City of Unley & Prestige South,Brand New Homes in Unley Park,Townhouse,3,2,2,N/A,2.78,Unley High School [Prestigious Zone],Grade A+ (Ultra-Prestige Corridor ~20-25/1k),c.1920 - 1935 (Character Heritage),21/09/2026,https://www.domain.com.au/sale/?terms=1%268%2F392-394+Unley+Road%2C+Unley+Park+SA+5061
"4&7/392-394 Unley Road,Unley Park SA 5061",Unley Park,5061,City of Unley & Prestige South,Best Buying Opportunity in Unley Park,Townhouse,3,2,2,N/A,2.78,Unley High School [Prestigious Zone],Grade A+ (Ultra-Prestige Corridor ~20-25/1k),c.1920 - 1935 (Character Heritage),10/10/2026,https://www.domain.com.au/sale/?terms=4%267%2F392-394+Unley+Road%2C+Unley+Park+SA+5061
"5 Vale Road,Hawthorndene SA 5051",Hawthorndene,5051,City of Mitcham & Foothills,"$1,050,000 - $1,150,000",House,3,2,2,143 m²,2.99,Unley High School [Prestigious Zone],Grade A- (Established Safe Residential Suburb ~40-46/1k),c.1965 - 1985 (Solid Brick Family),01/10/2026,https://www.domain.com.au/sale/?terms=5+Vale+Road%2C+Hawthorndene+SA+5051
"8 Blackthorn Avenue,Hawthorndene SA 5051",Hawthorndene,5051,City of Mitcham & Foothills,$955K - $1.05M,House,3,2,2,"1,500 m²",2.99,Unley High School [Prestigious Zone],Grade A- (Established Safe Residential Suburb ~40-46/1k),c.1965 - 1985 (Solid Brick Family),14/09/2026,https://www.domain.com.au/sale/?terms=8+Blackthorn+Avenue%2C+Hawthorndene+SA+5051
"23 Kauri Road,Hawthorndene SA 5051",Hawthorndene,5051,City of Mitcham & Foothills,Contact Agent,House,3,1,4,1262 m²,2.99,Unley High School [Prestigious Zone],Grade A- (Established Safe Residential Suburb ~40-46/1k),c.1965 - 1985 (Solid Brick Family),14/09/2026,https://www.domain.com.au/sale/?terms=23+Kauri+Road%2C+Hawthorndene+SA+5051
"44 Sturt Avenue,Hawthorndene SA 5051",Hawthorndene,5051,City of Mitcham & Foothills,Contracted by Dave & Sarah Smith,House,3,1,2,1580 m²,2.99,Unley High School [Prestigious Zone],Grade A- (Established Safe Residential Suburb ~40-46/1k),1915,14/09/2026,https://www.domain.com.au/sale/?terms=44+Sturt+Avenue%2C+Hawthorndene+SA+5051
"419 Greenhill Road,Tusmore SA 5065",Tusmore,5065,City of Burnside & Core East,Under Contract,House,3,1,2,202 m²,3.05,Marryatville High School [Top Academic & Music],Grade A+ (Ultra-Prestige Corridor ~20-25/1k),c.1965 - 1985 (Solid Brick Family),14/09/2026,https://www.domain.com.au/sale/?terms=419+Greenhill+Road%2C+Tusmore+SA+5065
"10 Buchan Avenue,Beaumont SA 5066",Beaumont,5066,City of Burnside & Core East,Best Offers By Mon 12th October (USP),House,3,2,5,570 m²,3.12,Local Zoned Secondary College,Grade A- (Established Safe Residential Suburb ~40-46/1k),c.1965 - 1985 (Solid Brick Family),17/09/2026,https://www.domain.com.au/sale/?terms=10+Buchan+Avenue%2C+Beaumont+SA+5066
"2 The Common,Beaumont SA 5066",Beaumont,5066,City of Burnside & Core East,Best Offers By Monday 28th September 12PM (USP),House,3,2,2,537 m²,3.12,Local Zoned Secondary College,Grade A- (Established Safe Residential Suburb ~40-46/1k),2009,14/09/2026,https://www.domain.com.au/sale/?terms=2+The+Common%2C+Beaumont+SA+5066
"19 The Common,Beaumont SA 5066",Beaumont,5066,City of Burnside & Core East,EOI Closing Tuesday 5th July @ 12pm (USP),House,3,2,1,"1,022 m²",3.12,Local Zoned Secondary College,Grade A- (Established Safe Residential Suburb ~40-46/1k),1963,14/09/2026,https://www.domain.com.au/sale/?terms=19+The+Common%2C+Beaumont+SA+5066
"4/38 Kensington Road,Rose Park SA 5067",Rose Park,5067,City of Burnside & Core East,Contact Agent,Townhouse,3,1,2,N/A,3.37,Glenunga International High School (GIHS) [Tier 1],Grade A+ (Ultra-Prestige Corridor ~20-25/1k),c.1920 - 1935 (Character Heritage),14/09/2026,https://www.domain.com.au/sale/?terms=4%2F38+Kensington+Road%2C+Rose+Park+SA+5067
"3/6 Rothesay Avenue,Hazelwood Park SA 5066",Hazelwood Park,5066,City of Burnside & Core East,Best Offers By Tuesday 13th October 12:00PM,House,3,2,2,472 m²,3.55,Marryatville High School [Top Academic & Music],Grade A+ (Ultra-Prestige Corridor ~20-25/1k),c.1965 - 1985 (Solid Brick Family),21/09/2026,https://www.domain.com.au/sale/?terms=3%2F6+Rothesay+Avenue%2C+Hazelwood+Park+SA+5066
"11A Finniss Terrace,Burnside SA 5066",Burnside,5066,City of Burnside & Core East,Auction On-Site Saturday 24th Oct 2:00PM (USP),House,3,2,1,404 m²,3.83,Marryatville High School [Top Academic & Music],Grade A+ (Ultra-Prestige Corridor ~20-25/1k),c.1965 - 1985 (Solid Brick Family),07/10/2026,https://www.domain.com.au/sale/?terms=11A+Finniss+Terrace%2C+Burnside+SA+5066
"2B Hill Street,Burnside SA 5066",Burnside,5066,City of Burnside & Core East,UNDER CONTRACT,House,3,2,1,374 m²,3.83,Marryatville High School [Top Academic & Music],Grade A+ (Ultra-Prestige Corridor ~20-25/1k),c.1965 - 1985 (Solid Brick Family),14/09/2026,https://www.domain.com.au/sale/?terms=2B+Hill+Street%2C+Burnside+SA+5066
"5 Margaret Street,Norwood SA 5067",Norwood,5067,"Norwood, Campbelltown & North-East Core","$789,000 - $849,000",House,3,1,0,245 m²,4.01,Norwood International High School [Top Tier 1 Zone],"Grade A (High Safety, Family Oriented ~30-36/1k)",c.1965 - 1985 (Solid Brick Family),14/09/2026,https://www.domain.com.au/sale/?terms=5+Margaret+Street%2C+Norwood+SA+5067
"4/40 Chapel Street,Norwood SA 5067",Norwood,5067,"Norwood, Campbelltown & North-East Core","$1,150,000 - $1,250,000",Townhouse,3,2,2,117 m²,4.01,Norwood International High School [Top Tier 1 Zone],"Grade A (High Safety, Family Oriented ~30-36/1k)",2020,14/09/2026,https://www.domain.com.au/sale/?terms=4%2F40+Chapel+Street%2C+Norwood+SA+5067
"3/40 Chapel Street,Norwood SA 5067",Norwood,5067,"Norwood, Campbelltown & North-East Core","$1,195,000",Townhouse,3,2,2,N/A,4.01,Norwood International High School [Top Tier 1 Zone],"Grade A (High Safety, Family Oriented ~30-36/1k)",2020,23/09/2026,https://www.domain.com.au/sale/?terms=3%2F40+Chapel+Street%2C+Norwood+SA+5067
"7 Birrell Street,Norwood SA 5067",Norwood,5067,"Norwood, Campbelltown & North-East Core",THE DEAL: Best Offers,House,3,1,2,572 m²,4.01,Norwood International High School [Top Tier 1 Zone],"Grade A (High Safety, Family Oriented ~30-36/1k)",c.1965 - 1985 (Solid Brick Family),07/10/2026,https://www.domain.com.au/sale/?terms=7+Birrell+Street%2C+Norwood+SA+5067
"503/82 Osmond Terrace,Norwood SA 5067",Norwood,5067,"Norwood, Campbelltown & North-East Core",Contact Agent,House,3,2,2,201 m²,4.01,Norwood International High School [Top Tier 1 Zone],"Grade A (High Safety, Family Oriented ~30-36/1k)",c.1965 - 1985 (Solid Brick Family),14/09/2026,https://www.domain.com.au/sale/?terms=503%2F82+Osmond+Terrace%2C+Norwood+SA+5067
"305/3 Church Avenue,Norwood SA 5067",Norwood,5067,"Norwood, Campbelltown & North-East Core",Offers Close Thursday 1st October USP,Apartment,3,3,2,N/A,4.01,Norwood International High School [Top Tier 1 Zone],"Grade A (High Safety, Family Oriented ~30-36/1k)",c.1965 - 1985 (Solid Brick Family),14/09/2026,https://www.domain.com.au/sale/?terms=305%2F3+Church+Avenue%2C+Norwood+SA+5067
"17/2-6 Margaret Street,Norwood SA 5067",Norwood,5067,"Norwood, Campbelltown & North-East Core",Best Offers By Mon 5 Oct 2pm,Townhouse,3,1,2,170 m²,4.01,Norwood International High School [Top Tier 1 Zone],"Grade A (High Safety, Family Oriented ~30-36/1k)",c.2005 - 2020 (Modern Executive),16/09/2026,https://www.domain.com.au/sale/?terms=17%2F2-6+Margaret+Street%2C+Norwood+SA+5067
"5/8 Orange Lane,Norwood SA 5067",Norwood,5067,"Norwood, Campbelltown & North-East Core",Best Offers By 28/10 (USP),House,3,1,1,N/A,4.01,Norwood International High School [Top Tier 1 Zone],"Grade A (High Safety, Family Oriented ~30-36/1k)",c.1965 - 1985 (Solid Brick Family),17/09/2026,https://www.domain.com.au/sale/?terms=5%2F8+Orange+Lane%2C+Norwood+SA+5067
"601/82 Osmond Terrace,Norwood SA 5067",Norwood,5067,"Norwood, Campbelltown & North-East Core",Contact Agent,Apartment,3,4,4,401 m²,4.01,Norwood International High School [Top Tier 1 Zone],"Grade A (High Safety, Family Oriented ~30-36/1k)",c.1965 - 1985 (Solid Brick Family),24/09/2026,https://www.domain.com.au/sale/?terms=601%2F82+Osmond+Terrace%2C+Norwood+SA+5067
"4/47-49 Elizabeth Street,Norwood SA 5067",Norwood,5067,"Norwood, Campbelltown & North-East Core",Contact Agent,House,3,1,1,N/A,4.01,Norwood International High School [Top Tier 1 Zone],"Grade A (High Safety, Family Oriented ~30-36/1k)",c.1965 - 1985 (Solid Brick Family),17/09/2026,https://www.domain.com.au/sale/?terms=4%2F47-49+Elizabeth+Street%2C+Norwood+SA+5067
"39a Elizabeth Street,Norwood SA 5067",Norwood,5067,"Norwood, Campbelltown & North-East Core",Contact Agent,House,3,2,1,N/A,4.01,Norwood International High School [Top Tier 1 Zone],"Grade A (High Safety, Family Oriented ~30-36/1k)",c.1965 - 1985 (Solid Brick Family),01/10/2026,https://www.domain.com.au/sale/?terms=39a+Elizabeth+Street%2C+Norwood+SA+5067
"9 Bellavista Avenue,Clapham SA 5062",Clapham,5062,City of Mitcham & Foothills,"$950,000 - $1,045,000",House,3,1,6,699 m²,4.05,Unley High School [Prestigious Zone],Grade A- (Established Safe Residential Suburb ~40-46/1k),c.1965 - 1985 (Solid Brick Family),10/10/2026,https://www.domain.com.au/sale/?terms=9+Bellavista+Avenue%2C+Clapham+SA+5062
"1 Birnie Avenue,Kensington Park SA 5068",Kensington Park,5068,City of Burnside & Core East,Contact Agent,House,3,1,3,627 m²,4.1,Marryatville High School [Top Academic & Music],"Grade A (High Safety, Family Oriented ~30-36/1k)",c.1965 - 1985 (Solid Brick Family),09/10/2026,https://www.domain.com.au/sale/?terms=1+Birnie+Avenue%2C+Kensington+Park+SA+5068
"9 Blackett Street,Goodwood SA 5034",Goodwood,5034,City of Unley & Prestige South,Under Contract,House,3,1,2,458 m²,4.14,Adelaide High & Adelaide Botanic High [Dual City Zone],"Grade A (High Safety, Family Oriented ~30-36/1k)",c.1965 - 1985 (Solid Brick Family),14/09/2026,https://www.domain.com.au/sale/?terms=9+Blackett+Street%2C+Goodwood+SA+5034
"5 Burleigh Street,Cumberland Park SA 5041",Cumberland Park,5041,City of Mitcham & Foothills,"$1,170,000",House,3,1,1,N/A,4.27,Unley High School [Prestigious Zone],Grade A- (Established Safe Residential Suburb ~40-46/1k),1988,23/09/2026,https://www.domain.com.au/sale/?terms=5+Burleigh+Street%2C+Cumberland+Park+SA+5041
"26A Mathias Avenue,Cumberland Park SA 5041",Cumberland Park,5041,City of Mitcham & Foothills,Best Offers By 3/11,House,3,2,2,475 m²,4.27,Unley High School [Prestigious Zone],Grade A- (Established Safe Residential Suburb ~40-46/1k),2003,10/10/2026,https://www.domain.com.au/sale/?terms=26A+Mathias+Avenue%2C+Cumberland+Park+SA+5041
"1/294 Magill Road,Beulah Park SA 5067",Beulah Park,5067,City of Burnside & Core East,$699 - 768K,Unit / Villa,3,1,1,129 m²,4.39,Local Zoned Secondary College,Grade A- (Established Safe Residential Suburb ~40-46/1k),1964,14/09/2026,https://www.domain.com.au/sale/?terms=1%2F294+Magill+Road%2C+Beulah+Park+SA+5067
"18 Salop Street,Beulah Park SA 5067",Beulah Park,5067,City of Burnside & Core East,Auction,House,3,1,1,811 m²,4.39,Local Zoned Secondary College,Grade A- (Established Safe Residential Suburb ~40-46/1k),1915,14/09/2026,https://www.domain.com.au/sale/?terms=18+Salop+Street%2C+Beulah+Park+SA+5067
"29 Prince George Parade,Colonel Light Gardens SA 5041",Colonel Light Gardens,5041,City of Mitcham & Foothills,Contact Agent,House,3,1,8,662 m²,4.41,Unley High School [Prestigious Zone],Grade A- (Established Safe Residential Suburb ~40-46/1k),c.1920 - 1935 (Character Heritage),02/10/2026,https://www.domain.com.au/sale/?terms=29+Prince+George+Parade%2C+Colonel+Light+Gardens+SA+5041
"22 Neate Avenue,Belair SA 5052",Belair,5052,City of Mitcham & Foothills,"$900,000 - $940,000",House,3,2,2,2000 m²,4.42,Blackwood High School [Honours Program],Grade A+ (Extremely Low Crime ~14-18/1k - Safest in SA),c.1965 - 1985 (Solid Brick Family),23/09/2026,https://www.domain.com.au/sale/?terms=22+Neate+Avenue%2C+Belair+SA+5052
"16 Hawker Avenue,Belair SA 5052",Belair,5052,City of Mitcham & Foothills,"$920,000 - $970,000",House,3,1,2,988 m²,4.42,Blackwood High School [Honours Program],Grade A+ (Extremely Low Crime ~14-18/1k - Safest in SA),1970,14/09/2026,https://www.domain.com.au/sale/?terms=16+Hawker+Avenue%2C+Belair+SA+5052
"11 Penno Parade North,Belair SA 5052",Belair,5052,City of Mitcham & Foothills,"Price Guide | $1,080,000 - $1,100,000",House,3,1,3,244 m²,4.42,Blackwood High School [Honours Program],Grade A+ (Extremely Low Crime ~14-18/1k - Safest in SA),c.1965 - 1985 (Solid Brick Family),14/09/2026,https://www.domain.com.au/sale/?terms=11+Penno+Parade+North%2C+Belair+SA+5052
"16 Neate Avenue,Belair SA 5052",Belair,5052,City of Mitcham & Foothills,"$1,100,000",House,3,2,4,"1,223 m²",4.42,Blackwood High School [Honours Program],Grade A+ (Extremely Low Crime ~14-18/1k - Safest in SA),c.1965 - 1985 (Solid Brick Family),17/09/2026,https://www.domain.com.au/sale/?terms=16+Neate+Avenue%2C+Belair+SA+5052
"10/27 Trevelyan Street,Wayville SA 5034",Wayville,5034,City of Unley & Prestige South,$649K - $699K,Apartment,3,1,1,N/A,4.45,Adelaide High & Adelaide Botanic High [Dual City Zone],Grade A- (Established Safe Residential Suburb ~40-46/1k),c.1965 - 1985 (Solid Brick Family),14/09/2026,https://www.domain.com.au/sale/?terms=10%2F27+Trevelyan+Street%2C+Wayville+SA+5034
"105/56 Greenhill Road,Wayville SA 5034",Wayville,5034,City of Unley & Prestige South,"Best Offers - Price Guide $1,125,000 - $1,175,000",Apartment,3,2,2,123 m²,4.45,Adelaide High & Adelaide Botanic High [Dual City Zone],Grade A- (Established Safe Residential Suburb ~40-46/1k),c.1965 - 1985 (Solid Brick Family),14/09/2026,https://www.domain.com.au/sale/?terms=105%2F56+Greenhill+Road%2C+Wayville+SA+5034
"2/3 George Street,Clarence Park SA 5034",Clarence Park,5034,City of Unley & Prestige South,"$799,000 to $850,000",Townhouse,3,1,1,N/A,4.54,Local Zoned Secondary College,Grade A- (Established Safe Residential Suburb ~40-46/1k),1990,14/09/2026,https://www.domain.com.au/sale/?terms=2%2F3+George+Street%2C+Clarence+Park+SA+5034
"4/5 Avondale Street,Clarence Park SA 5034",Clarence Park,5034,City of Unley & Prestige South,"$960,000 - $1,055,000",Townhouse,3,2,2,191 m²,4.54,Local Zoned Secondary College,Grade A- (Established Safe Residential Suburb ~40-46/1k),c.2005 - 2020 (Modern Executive),02/10/2026,https://www.domain.com.au/sale/?terms=4%2F5+Avondale+Street%2C+Clarence+Park+SA+5034
"7 William Street,Clarence Park SA 5034",Clarence Park,5034,City of Unley & Prestige South,Price Reduced $1.149M: Auction On-Site 8/10 10AM,House,3,1,1,474 m²,4.54,Local Zoned Secondary College,Grade A- (Established Safe Residential Suburb ~40-46/1k),c.1965 - 1985 (Solid Brick Family),14/09/2026,https://www.domain.com.au/sale/?terms=7+William+Street%2C+Clarence+Park+SA+5034
"9 Parker Terrace,Clarence Park SA 5034",Clarence Park,5034,City of Unley & Prestige South,Contact Agent,House,3,2,4,200 m²,4.54,Local Zoned Secondary College,Grade A- (Established Safe Residential Suburb ~40-46/1k),c.1965 - 1985 (Solid Brick Family),14/09/2026,https://www.domain.com.au/sale/?terms=9+Parker+Terrace%2C+Clarence+Park+SA+5034
"1 Aberdare Avenue,Trinity Gardens SA 5068",Trinity Gardens,5068,"Norwood, Campbelltown & North-East Core",Auction On-Site Saturday 24th Oct 11:00AM (USP),House,3,1,3,419 m²,4.82,Norwood International High School [Top Tier 1 Zone],"Grade A (High Safety, Family Oriented ~30-36/1k)",c.1965 - 1985 (Solid Brick Family),06/10/2026,https://www.domain.com.au/sale/?terms=1+Aberdare+Avenue%2C+Trinity+Gardens+SA+5068
"18/6 Third Avenue,Everard Park SA 5035",Everard Park,5035,City of Unley & Prestige South,Auction |10th Oct @10:30am,Townhouse,3,2,2,224 m²,4.93,Local Zoned Secondary College,Grade A- (Established Safe Residential Suburb ~40-46/1k),c.2005 - 2020 (Modern Executive),14/09/2026,https://www.domain.com.au/sale/?terms=18%2F6+Third+Avenue%2C+Everard+Park+SA+5035
"2/5 East Terrace,Kensington Gardens SA 5068",Kensington Gardens,5068,City of Burnside & Core East,"$695,000 - $764,500",Unit / Villa,3,1,3,N/A,4.96,Marryatville High School [Top Academic & Music],Grade A- (Established Safe Residential Suburb ~40-46/1k),c.1975 - 1990 (Solid Brick Colonial),01/10/2026,https://www.domain.com.au/sale/?terms=2%2F5+East+Terrace%2C+Kensington+Gardens+SA+5068
"26 Myall Avenue,Kensington Gardens SA 5068",Kensington Gardens,5068,City of Burnside & Core East,$1.149m - $1.249m,House,3,1,3,433 m²,4.96,Marryatville High School [Top Academic & Music],Grade A- (Established Safe Residential Suburb ~40-46/1k),c.1965 - 1985 (Solid Brick Family),19/09/2026,https://www.domain.com.au/sale/?terms=26+Myall+Avenue%2C+Kensington+Gardens+SA+5068
"64 Cuthero Terrace,Kensington Gardens SA 5068",Kensington Gardens,5068,City of Burnside & Core East,Auction On-Site Saturday 24th October 12:30PM,House,3,1,1,151 m²,4.96,Marryatville High School [Top Academic & Music],Grade A- (Established Safe Residential Suburb ~40-46/1k),c.1965 - 1985 (Solid Brick Family),08/10/2026,https://www.domain.com.au/sale/?terms=64+Cuthero+Terrace%2C+Kensington+Gardens+SA+5068
"46 Eliza Place,Panorama SA 5041",Panorama,5041,City of Mitcham & Foothills,"$1,180,000 - $1,220,000",House,3,1,4,750 m²,5.07,Local Zoned Secondary College,Grade A- (Established Safe Residential Suburb ~40-46/1k),c.1965 - 1985 (Solid Brick Family),02/10/2026,https://www.domain.com.au/sale/?terms=46+Eliza+Place%2C+Panorama+SA+5041
"27 Morris Street,Evandale SA 5069",Evandale,5069,"Norwood, Campbelltown & North-East Core",Contact Agent,House,3,2,1,267 m²,5.5,Local Zoned Secondary College,Grade A- (Established Safe Residential Suburb ~40-46/1k),c.1965 - 1985 (Solid Brick Family),09/10/2026,https://www.domain.com.au/sale/?terms=27+Morris+Street%2C+Evandale+SA+5069
"490 The Parade,Rosslyn Park SA 5072",Rosslyn Park,5072,City of Burnside & Core East,Under Contract,House,3,2,3,518 m²,5.6,Local Zoned Secondary College,Grade A- (Established Safe Residential Suburb ~40-46/1k),1994,17/09/2026,https://www.domain.com.au/sale/?terms=490+The+Parade%2C+Rosslyn+Park+SA+5072
"19 Taylor Terrace,Rosslyn Park SA 5072",Rosslyn Park,5072,City of Burnside & Core East,UNDER CONTRACT,House,3,1,2,696 m²,5.6,Local Zoned Secondary College,Grade A- (Established Safe Residential Suburb ~40-46/1k),c.1965 - 1985 (Solid Brick Family),10/10/2026,https://www.domain.com.au/sale/?terms=19+Taylor+Terrace%2C+Rosslyn+Park+SA+5072
"29b Hallett Avenue,Tranmere SA 5073",Tranmere,5073,"Norwood, Campbelltown & North-East Core","$980,000",House,3,1,2,355 m²,5.78,Norwood International High School [Top Tier 1 Zone],Grade A- (Established Safe Residential Suburb ~40-46/1k),2000,08/10/2026,https://www.domain.com.au/sale/?terms=29b+Hallett+Avenue%2C+Tranmere+SA+5073
"15B Britton Avenue,Tranmere SA 5073",Tranmere,5073,"Norwood, Campbelltown & North-East Core",Auction On-Site Sunday 25th October 12:30PM,House,3,2,1,413 m²,5.78,Norwood International High School [Top Tier 1 Zone],Grade A- (Established Safe Residential Suburb ~40-46/1k),c.1965 - 1985 (Solid Brick Family),07/10/2026,https://www.domain.com.au/sale/?terms=15B+Britton+Avenue%2C+Tranmere+SA+5073
"37 Sylvan Way,Glenalta SA 5052",Glenalta,5052,City of Mitcham & Foothills,"Price Guide $800,000 - $850,000",House,3,1,0,908 m²,5.9,Local Zoned Secondary College,Grade A- (Established Safe Residential Suburb ~40-46/1k),c.1965 - 1985 (Solid Brick Family),14/09/2026,https://www.domain.com.au/sale/?terms=37+Sylvan+Way%2C+Glenalta+SA+5052
"23 Hawthorndene Drive,Glenalta SA 5052",Glenalta,5052,City of Mitcham & Foothills,"$900,000-$950,000",House,3,1,3,"1,115 m²",5.9,Local Zoned Secondary College,Grade A- (Established Safe Residential Suburb ~40-46/1k),c.1965 - 1985 (Solid Brick Family),14/09/2026,https://www.domain.com.au/sale/?terms=23+Hawthorndene+Drive%2C+Glenalta+SA+5052
"12 Arizona Terrace,Glenalta SA 5052",Glenalta,5052,City of Mitcham & Foothills,Offers Closing Tues 27th Oct 11am (USP),House,3,2,2,735 m²,5.9,Local Zoned Secondary College,Grade A- (Established Safe Residential Suburb ~40-46/1k),1971,08/10/2026,https://www.domain.com.au/sale/?terms=12+Arizona+Terrace%2C+Glenalta+SA+5052
"9 Mullins Street,Pasadena SA 5042",Pasadena,5042,City of Mitcham & Foothills,$898k,House,3,1,4,863 m²,6.11,Local Zoned Secondary College,Grade A- (Established Safe Residential Suburb ~40-46/1k),c.1965 - 1985 (Solid Brick Family),14/09/2026,https://www.domain.com.au/sale/?terms=9+Mullins+Street%2C+Pasadena+SA+5042
"45 Magdalene Terrace,Pasadena SA 5042",Pasadena,5042,City of Mitcham & Foothills,$900k - $990k,House,3,1,1,743 m²,6.11,Local Zoned Secondary College,Grade A- (Established Safe Residential Suburb ~40-46/1k),c.1965 - 1985 (Solid Brick Family),08/10/2026,https://www.domain.com.au/sale/?terms=45+Magdalene+Terrace%2C+Pasadena+SA+5042
"3/1 Pepper Street,Magill SA 5072",Magill,5072,"Norwood, Campbelltown & North-East Core",$795K - $850K,Unit / Villa,3,1,2,357 m²,6.32,Norwood International High School [Top Tier 1 Zone],Grade A- (Established Safe Residential Suburb ~40-46/1k),c.1975 - 1990 (Solid Brick Colonial),29/09/2026,https://www.domain.com.au/sale/?terms=3%2F1+Pepper+Street%2C+Magill+SA+5072
"39A Koongarra Avenue,Magill SA 5072",Magill,5072,"Norwood, Campbelltown & North-East Core","$1,200,000",House,3,2,1,420 m²,6.32,Norwood International High School [Top Tier 1 Zone],Grade A- (Established Safe Residential Suburb ~40-46/1k),c.1965 - 1985 (Solid Brick Family),10/10/2026,https://www.domain.com.au/sale/?terms=39A+Koongarra+Avenue%2C+Magill+SA+5072
"2a Gifford Street,Torrensville SA 5031",Torrensville,5031,Western Coastal & Beachside,"$935,000 - $965,000",House,3,2,2,150 m²,6.47,Local Zoned Secondary College,Grade A- (Established Safe Residential Suburb ~40-46/1k),c.1965 - 1985 (Solid Brick Family),10/10/2026,https://www.domain.com.au/sale/?terms=2a+Gifford+Street%2C+Torrensville+SA+5031
"12C Jervois Street,Torrensville SA 5031",Torrensville,5031,Western Coastal & Beachside,Auction | $1.115M,House,3,2,2,285 m²,6.47,Local Zoned Secondary College,Grade A- (Established Safe Residential Suburb ~40-46/1k),c.1965 - 1985 (Solid Brick Family),10/10/2026,https://www.domain.com.au/sale/?terms=12C+Jervois+Street%2C+Torrensville+SA+5031
"46 Jervois Street,Torrensville SA 5031",Torrensville,5031,Western Coastal & Beachside,By Negotiation - Offers Invited,House,3,2,2,304 m²,6.47,Local Zoned Secondary College,Grade A- (Established Safe Residential Suburb ~40-46/1k),2008,10/10/2026,https://www.domain.com.au/sale/?terms=46+Jervois+Street%2C+Torrensville+SA+5031
"27 Winns Road,Blackwood SA 5051",Blackwood,5051,City of Mitcham & Foothills,"$1,000,000-$1,100,000",House,3,1,2,926 m²,7.07,Blackwood High School [Honours Program],Grade A+ (Extremely Low Crime ~14-18/1k - Safest in SA),1964,23/09/2026,https://www.domain.com.au/sale/?terms=27+Winns+Road%2C+Blackwood+SA+5051
"17 Roseberry Avenue,Eden Hills SA 5050",Eden Hills,5050,City of Mitcham & Foothills,"$930,000 - $1,020,000",House,3,1,4,774 m²,7.12,Blackwood High School [Honours Program],Grade A- (Established Safe Residential Suburb ~40-46/1k),1977,10/10/2026,https://www.domain.com.au/sale/?terms=17+Roseberry+Avenue%2C+Eden+Hills+SA+5050
"197A Shepherds Hill Road,Eden Hills SA 5050",Eden Hills,5050,City of Mitcham & Foothills,"$1,050,000 - $1,150,000",House,3,2,2,1048 m²,7.12,Blackwood High School [Honours Program],Grade A- (Established Safe Residential Suburb ~40-46/1k),2002,14/09/2026,https://www.domain.com.au/sale/?terms=197A+Shepherds+Hill+Road%2C+Eden+Hills+SA+5050
"4/2 Adelaide Terrace,Edwardstown SA 5039",Edwardstown,5039,City of Unley & Prestige South,"$690,000 - $730,000",House,3,2,2,119 m²,7.5,Local Zoned Secondary College,Grade A- (Established Safe Residential Suburb ~40-46/1k),c.1965 - 1985 (Solid Brick Family),09/10/2026,https://www.domain.com.au/sale/?terms=4%2F2+Adelaide+Terrace%2C+Edwardstown+SA+5039
"25 Hollow Drive,Andrews Farm SA 5114",Andrews Farm,5114,Adelaide Hills & North-East Enclaves,"$690,000 - $710,000",House,3,2,2,203 m²,7.5,Local Zoned Secondary College,Grade A- (Established Safe Residential Suburb ~40-46/1k),c.1965 - 1985 (Solid Brick Family),08/10/2026,https://www.domain.com.au/sale/?terms=25+Hollow+Drive%2C+Andrews+Farm+SA+5114
"6/508 Wright Road,Modbury SA 5092",Modbury,5092,Adelaide Hills & North-East Enclaves,"$695,000 - $745,000",House,3,1,2,1133.417088 m²,7.5,Local Zoned Secondary College,Grade A- (Established Safe Residential Suburb ~40-46/1k),1998,08/10/2026,https://www.domain.com.au/sale/?terms=6%2F508+Wright+Road%2C+Modbury+SA+5092
"1/2 Apalie Drive,Modbury SA 5092",Modbury,5092,Adelaide Hills & North-East Enclaves,BEST OFFER $779k - $829k,Townhouse,3,1,3,172 m²,7.5,Local Zoned Secondary College,Grade A- (Established Safe Residential Suburb ~40-46/1k),2016,07/10/2026,https://www.domain.com.au/sale/?terms=1%2F2+Apalie+Drive%2C+Modbury+SA+5092
"5/1-3 Scarborough Terrace,Dover Gardens SA 5048",Dover Gardens,5048,Western Coastal & Beachside,$790K — $850K,House,3,1,2,N/A,7.5,Local Zoned Secondary College,Grade A- (Established Safe Residential Suburb ~40-46/1k),2007,10/10/2026,https://www.domain.com.au/sale/?terms=5%2F1-3+Scarborough+Terrace%2C+Dover+Gardens+SA+5048
"41 Doulton Drive,Trott Park SA 5158",Trott Park,5158,Western Coastal & Beachside,"Best Offer By Tues, 13th Oct - 2pm/$790k - $850k",House,3,1,1,590 m²,7.5,Local Zoned Secondary College,Grade A- (Established Safe Residential Suburb ~40-46/1k),c.1965 - 1985 (Solid Brick Family),03/10/2026,https://www.domain.com.au/sale/?terms=41+Doulton+Drive%2C+Trott+Park+SA+5158
"5/6 Parson Street,,Sturt SA 5047",Sturt,5047,City of Mitcham & Foothills,"$795,000. to $850,000.",House,3,1,2,N/A,7.5,Local Zoned Secondary College,Grade A- (Established Safe Residential Suburb ~40-46/1k),c.1965 - 1985 (Solid Brick Family),09/10/2026,https://www.domain.com.au/sale/?terms=5%2F6+Parson+Street%2C%2C+Sturt+SA+5047
"26 Orleana Street,Flagstaff Hill SA 5159",Flagstaff Hill,5159,City of Mitcham & Foothills,"$800,000 - AUCTION (USP)",House,3,1,2,833 m²,7.5,Local Zoned Secondary College,Grade A- (Established Safe Residential Suburb ~40-46/1k),1977,09/10/2026,https://www.domain.com.au/sale/?terms=26+Orleana+Street%2C+Flagstaff+Hill+SA+5159
"14A Gould Street,Para Hills SA 5096",Para Hills,5096,Adelaide Hills & North-East Enclaves,"$820,000 - $840,000",House,3,2,1,150 m²,7.5,Local Zoned Secondary College,Grade A- (Established Safe Residential Suburb ~40-46/1k),2026,10/10/2026,https://www.domain.com.au/sale/?terms=14A+Gould+Street%2C+Para+Hills+SA+5096
"26 Welloch Street,Modbury SA 5092",Modbury,5092,Adelaide Hills & North-East Enclaves,"$825,000 - $875,000",House,3,1,1,640 m²,7.5,Local Zoned Secondary College,Grade A- (Established Safe Residential Suburb ~40-46/1k),1985,10/10/2026,https://www.domain.com.au/sale/?terms=26+Welloch+Street%2C+Modbury+SA+5092
"16 Felix Street,Dover Gardens SA 5048",Dover Gardens,5048,Western Coastal & Beachside,$849K — $879K,House,3,1,2,N/A,7.5,Local Zoned Secondary College,Grade A- (Established Safe Residential Suburb ~40-46/1k),c.1965 - 1985 (Solid Brick Family),10/10/2026,https://www.domain.com.au/sale/?terms=16+Felix+Street%2C+Dover+Gardens+SA+5048
"7 Bela Street,Hope Valley SA 5090",Hope Valley,5090,Adelaide Hills & North-East Enclaves,"$850,000",House,3,2,2,676 m²,7.5,Local Zoned Secondary College,Grade A- (Established Safe Residential Suburb ~40-46/1k),c.1965 - 1985 (Solid Brick Family),06/10/2026,https://www.domain.com.au/sale/?terms=7+Bela+Street%2C+Hope+Valley+SA+5090
"12 Manunda Way,Hallett Cove SA 5158",Hallett Cove,5158,Western Coastal & Beachside,$859k -$899k,House,3,1,2,625 m²,7.5,Local Zoned Secondary College,Grade A- (Established Safe Residential Suburb ~40-46/1k),c.1965 - 1985 (Solid Brick Family),10/10/2026,https://www.domain.com.au/sale/?terms=12+Manunda+Way%2C+Hallett+Cove+SA+5158
"15 Metcalfe Avenue,Modbury Heights SA 5092",Modbury Heights,5092,Adelaide Hills & North-East Enclaves,"$899,000",House,3,1,2,640 m²,7.5,Local Zoned Secondary College,Grade A- (Established Safe Residential Suburb ~40-46/1k),c.1965 - 1985 (Solid Brick Family),10/10/2026,https://www.domain.com.au/sale/?terms=15+Metcalfe+Avenue%2C+Modbury+Heights+SA+5092
"37C Lindsay Street,Plympton SA 5038",Plympton,5038,City of Unley & Prestige South,$935k - $985k,House,3,2,2,158 m²,7.5,Local Zoned Secondary College,Grade A- (Established Safe Residential Suburb ~40-46/1k),c.1965 - 1985 (Solid Brick Family),08/10/2026,https://www.domain.com.au/sale/?terms=37C+Lindsay+Street%2C+Plympton+SA+5038
"23B Sando Street,Findon SA 5023",Findon,5023,Western Coastal & Beachside,"PG $949,000 - $979,000",House,3,2,2,N/A,7.5,Local Zoned Secondary College,Grade A- (Established Safe Residential Suburb ~40-46/1k),c.1965 - 1985 (Solid Brick Family),10/10/2026,https://www.domain.com.au/sale/?terms=23B+Sando+Street%2C+Findon+SA+5023
"5 Bristol Street,Dover Gardens SA 5048",Dover Gardens,5048,Western Coastal & Beachside,$990k-$1.08m,House,3,1,3,102 m²,7.5,Local Zoned Secondary College,Grade A- (Established Safe Residential Suburb ~40-46/1k),c.1965 - 1985 (Solid Brick Family),10/10/2026,https://www.domain.com.au/sale/?terms=5+Bristol+Street%2C+Dover+Gardens+SA+5048
"34 Rose Street,Mile End SA 5031",Mile End,5031,City of Unley & Prestige South,$1.2m,House,3,1,2,588 m²,7.5,Local Zoned Secondary College,Grade A- (Established Safe Residential Suburb ~40-46/1k),2023,09/10/2026,https://www.domain.com.au/sale/?terms=34+Rose+Street%2C+Mile+End+SA+5031
"37B Melville Street,South Plympton SA 5038",South Plympton,5038,City of Unley & Prestige South,$1.2m - $1.25m Best Offer By 03/11 @ 12pm USP,House,3,2,2,436 m²,7.5,Local Zoned Secondary College,Grade A- (Established Safe Residential Suburb ~40-46/1k),c.1965 - 1985 (Solid Brick Family),10/10/2026,https://www.domain.com.au/sale/?terms=37B+Melville+Street%2C+South+Plympton+SA+5038
"10 Freebairn Drive,Hallett Cove SA 5158",Hallett Cove,5158,Western Coastal & Beachside,"$1,230,000",House,3,2,2,159 m²,7.5,Local Zoned Secondary College,Grade A- (Established Safe Residential Suburb ~40-46/1k),c.1965 - 1985 (Solid Brick Family),07/10/2026,https://www.domain.com.au/sale/?terms=10+Freebairn+Drive%2C+Hallett+Cove+SA+5158
"12/8-20 Wakefield Street,Kent Town SA 5067",Kent Town,5067,City of Burnside & Core East,BEST OFFER BY TUESDAY 3RD NOVEMBER AT 2:00PM (USP),House,3,1,1,350 m²,7.5,Local Zoned Secondary College,Grade A- (Established Safe Residential Suburb ~40-46/1k),c.1965 - 1985 (Solid Brick Family),08/10/2026,https://www.domain.com.au/sale/?terms=12%2F8-20+Wakefield+Street%2C+Kent+Town+SA+5067
"2A Hammersmith Avenue,Edwardstown SA 5039",Edwardstown,5039,City of Unley & Prestige South,Contact Agent,House,3,2,2,299 m²,7.5,Local Zoned Secondary College,Grade A- (Established Safe Residential Suburb ~40-46/1k),2022,08/10/2026,https://www.domain.com.au/sale/?terms=2A+Hammersmith+Avenue%2C+Edwardstown+SA+5039
"3A Packer Avenue,North Plympton SA 5037",North Plympton,5037,City of Unley & Prestige South,Best Offers By 26/10 (USP),House,3,2,1,350 m²,7.5,Local Zoned Secondary College,Grade A- (Established Safe Residential Suburb ~40-46/1k),2026,08/10/2026,https://www.domain.com.au/sale/?terms=3A+Packer+Avenue%2C+North+Plympton+SA+5037
"23A Aldridge Terrace,Marleston SA 5033",Marleston,5033,City of Unley & Prestige South,Auction | Sunday 1st Nov @10am,House,3,2,4,300 m²,7.5,Local Zoned Secondary College,Grade A- (Established Safe Residential Suburb ~40-46/1k),c.1965 - 1985 (Solid Brick Family),09/10/2026,https://www.domain.com.au/sale/?terms=23A+Aldridge+Terrace%2C+Marleston+SA+5033
"33A Ritchie Terrace,Marleston SA 5033",Marleston,5033,City of Unley & Prestige South,Auction | Sunday 25th Oct @10am,House,3,2,4,418 m²,7.5,Local Zoned Secondary College,Grade A- (Established Safe Residential Suburb ~40-46/1k),c.1965 - 1985 (Solid Brick Family),09/10/2026,https://www.domain.com.au/sale/?terms=33A+Ritchie+Terrace%2C+Marleston+SA+5033
"6 Blackler Avenue,Plympton Park SA 5038",Plympton Park,5038,City of Unley & Prestige South,Best Offer by Tues 20th of October by 5pm (USP),House,3,2,4,376 m²,7.5,Local Zoned Secondary College,Grade A- (Established Safe Residential Suburb ~40-46/1k),2016,08/10/2026,https://www.domain.com.au/sale/?terms=6+Blackler+Avenue%2C+Plympton+Park+SA+5038
"25 Ayre Street,South Plympton SA 5038",South Plympton,5038,City of Unley & Prestige South,Contact Agent,House,3,2,2,N/A,7.5,Local Zoned Secondary College,Grade A- (Established Safe Residential Suburb ~40-46/1k),c.1965 - 1985 (Solid Brick Family),09/10/2026,https://www.domain.com.au/sale/?terms=25+Ayre+Street%2C+South+Plympton+SA+5038
"96B Nunyah Avenue,Morphettville SA 5043",Morphettville,5043,City of Mitcham & Foothills,Best Offers By 26/10 (USP),House,3,2,2,N/A,7.5,Local Zoned Secondary College,Grade A- (Established Safe Residential Suburb ~40-46/1k),c.1965 - 1985 (Solid Brick Family),09/10/2026,https://www.domain.com.au/sale/?terms=96B+Nunyah+Avenue%2C+Morphettville+SA+5043
"5 Hadleigh Rise,Upper Sturt SA 5156",Upper Sturt,5156,City of Mitcham & Foothills,Auction Online | Unless Sold Prior,House,3,2,0,"1,869 m²",7.5,Local Zoned Secondary College,Grade A- (Established Safe Residential Suburb ~40-46/1k),1978,07/10/2026,https://www.domain.com.au/sale/?terms=5+Hadleigh+Rise%2C+Upper+Sturt+SA+5156
"256 Findon Road,Findon SA 5023",Findon,5023,Western Coastal & Beachside,Auction On-Site | Wed 21st Oct 6:30PM,House,3,2,2,884 m²,7.5,Local Zoned Secondary College,Grade A- (Established Safe Residential Suburb ~40-46/1k),c.1965 - 1985 (Solid Brick Family),10/10/2026,https://www.domain.com.au/sale/?terms=256+Findon+Road%2C+Findon+SA+5023
"7 Stewart Street,Glanville SA 5015",Glanville,5015,Western Coastal & Beachside,Auction 31st October | 11:00am,House,3,2,2,309 m²,7.5,Local Zoned Secondary College,Grade A- (Established Safe Residential Suburb ~40-46/1k),c.1965 - 1985 (Solid Brick Family),10/10/2026,https://www.domain.com.au/sale/?terms=7+Stewart+Street%2C+Glanville+SA+5015
"36 Boord Street,Semaphore South SA 5019",Semaphore South,5019,Western Coastal & Beachside,Contact Agent,House,3,2,8,340 m²,7.5,Local Zoned Secondary College,Grade A- (Established Safe Residential Suburb ~40-46/1k),c.1965 - 1985 (Solid Brick Family),10/10/2026,https://www.domain.com.au/sale/?terms=36+Boord+Street%2C+Semaphore+South+SA+5019
"2/40 May Street,Albert Park SA 5014",Albert Park,5014,Western Coastal & Beachside,Best Offer By Tuesday 27th October @ 12pm,House,3,2,2,146 m²,7.5,Local Zoned Secondary College,Grade A- (Established Safe Residential Suburb ~40-46/1k),c.1965 - 1985 (Solid Brick Family),10/10/2026,https://www.domain.com.au/sale/?terms=2%2F40+May+Street%2C+Albert+Park+SA+5014
"37B West Street,Brompton SA 5007",Brompton,5007,Western Coastal & Beachside,AUCTION - Wednesday 21st October 6pm,House,3,2,2,N/A,7.5,Local Zoned Secondary College,Grade A- (Established Safe Residential Suburb ~40-46/1k),c.1965 - 1985 (Solid Brick Family),10/10/2026,https://www.domain.com.au/sale/?terms=37B+West+Street%2C+Brompton+SA+5007
"118 Morphett Road,Glengowrie SA 5044",Glengowrie,5044,Western Coastal & Beachside,Best Offers By 26/10 (USP),House,3,1,4,783 m²,7.5,Local Zoned Secondary College,Grade A- (Established Safe Residential Suburb ~40-46/1k),1962,10/10/2026,https://www.domain.com.au/sale/?terms=118+Morphett+Road%2C+Glengowrie+SA+5044
"57 Seacombe Road,Seacombe Gardens SA 5047",Seacombe Gardens,5047,Western Coastal & Beachside,Best Offer By 28th October 2026,House,3,2,2,291 m²,7.5,Local Zoned Secondary College,Grade A- (Established Safe Residential Suburb ~40-46/1k),c.1965 - 1985 (Solid Brick Family),10/10/2026,https://www.domain.com.au/sale/?terms=57+Seacombe+Road%2C+Seacombe+Gardens+SA+5047
"6 Murnada Street,Hallett Cove SA 5158",Hallett Cove,5158,Western Coastal & Beachside,Contact Agent,House,3,1,2,900 m²,7.5,Local Zoned Secondary College,Grade A- (Established Safe Residential Suburb ~40-46/1k),c.1965 - 1985 (Solid Brick Family),10/10/2026,https://www.domain.com.au/sale/?terms=6+Murnada+Street%2C+Hallett+Cove+SA+5158
"3 Selma Avenue,Hahndorf SA 5245",Hahndorf,5245,Adelaide Hills & North-East Enclaves,Contact Agent,House,3,1,3,706 m²,7.5,Local Zoned Secondary College,Grade A- (Established Safe Residential Suburb ~40-46/1k),c.1965 - 1985 (Solid Brick Family),10/10/2026,https://www.domain.com.au/sale/?terms=3+Selma+Avenue%2C+Hahndorf+SA+5245
"20 Walker Street,Macclesfield SA 5153",Macclesfield,5153,Adelaide Hills & North-East Enclaves,Contact Agent,House,3,1,1,12140.5692672 m²,7.5,Local Zoned Secondary College,Grade A- (Established Safe Residential Suburb ~40-46/1k),c.1965 - 1985 (Solid Brick Family),03/10/2026,https://www.domain.com.au/sale/?terms=20+Walker+Street%2C+Macclesfield+SA+5153
"20 Walker Street,Macclesfield SA 5153",Macclesfield,5153,Adelaide Hills & North-East Enclaves,Contact Agent,House,3,1,1,12140.5692672 m²,7.5,Local Zoned Secondary College,Grade A- (Established Safe Residential Suburb ~40-46/1k),c.1965 - 1985 (Solid Brick Family),03/10/2026,https://www.domain.com.au/sale/?terms=20+Walker+Street%2C+Macclesfield+SA+5153
"2/6 Kenneth Avenue,Underdale SA 5032",Underdale,5032,Western Coastal & Beachside,"$759,000 - $799,000",Unit / Villa,3,1,1,205 m²,7.65,Local Zoned Secondary College,Grade A- (Established Safe Residential Suburb ~40-46/1k),c.1975 - 1990 (Solid Brick Colonial),10/10/2026,https://www.domain.com.au/sale/?terms=2%2F6+Kenneth+Avenue%2C+Underdale+SA+5032
"17 Charlick Road,Crafers West SA 5152",Crafers West,5152,Adelaide Hills & North-East Enclaves,Contact Agent,House,3,2,4,275 m²,7.71,Heathfield High School [Top Hills High],Grade A+ (Extremely Low Crime ~14-18/1k - Safest in SA),1930,08/10/2026,https://www.domain.com.au/sale/?terms=17+Charlick+Road%2C+Crafers+West+SA+5152
"35 Morialta Road,Rostrevor SA 5073",Rostrevor,5073,"Norwood, Campbelltown & North-East Core","$1,100,000",House,3,1,2,580 m²,8.04,Norwood International High School [Top Tier 1 Zone],Grade A- (Established Safe Residential Suburb ~40-46/1k),c.1965 - 1985 (Solid Brick Family),07/10/2026,https://www.domain.com.au/sale/?terms=35+Morialta+Road%2C+Rostrevor+SA+5073
"9 Porter Terrace,Rostrevor SA 5073",Rostrevor,5073,"Norwood, Campbelltown & North-East Core",Auction Fri 30 Oct 2.30pm On Site,House,3,2,2,302 m²,8.04,Norwood International High School [Top Tier 1 Zone],Grade A- (Established Safe Residential Suburb ~40-46/1k),c.1965 - 1985 (Solid Brick Family),09/10/2026,https://www.domain.com.au/sale/?terms=9+Porter+Terrace%2C+Rostrevor+SA+5073
"7B Horwood Avenue,Rostrevor SA 5073",Rostrevor,5073,"Norwood, Campbelltown & North-East Core","Best Offers By 5pm Tuesday 27th October, USP",House,3,2,1,189 m²,8.04,Norwood International High School [Top Tier 1 Zone],Grade A- (Established Safe Residential Suburb ~40-46/1k),c.1965 - 1985 (Solid Brick Family),08/10/2026,https://www.domain.com.au/sale/?terms=7B+Horwood+Avenue%2C+Rostrevor+SA+5073
"69 Buchanan Drive,Woodforde SA 5072",Woodforde,5072,Adelaide Hills & North-East Enclaves,"$990,000 - $1,050,000",House,3,2,2,176 m²,8.35,Local Zoned Secondary College,Grade A- (Established Safe Residential Suburb ~40-46/1k),c.1965 - 1985 (Solid Brick Family),07/10/2026,https://www.domain.com.au/sale/?terms=69+Buchanan+Drive%2C+Woodforde+SA+5072
"33 Greville Avenue,Flinders Park SA 5025",Flinders Park,5025,Western Coastal & Beachside,"$779,000 - $829,000",House,3,1,1,442 m²,8.61,Henley High School [Specialist Sports & Academic],Grade A- (Established Safe Residential Suburb ~40-46/1k),c.1965 - 1985 (Solid Brick Family),10/10/2026,https://www.domain.com.au/sale/?terms=33+Greville+Avenue%2C+Flinders+Park+SA+5025
"271 Findon Road,Flinders Park SA 5025",Flinders Park,5025,Western Coastal & Beachside,UNDER CONTRACT,House,3,1,3,1200 m²,8.61,Henley High School [Specialist Sports & Academic],Grade A- (Established Safe Residential Suburb ~40-46/1k),c.1965 - 1985 (Solid Brick Family),10/10/2026,https://www.domain.com.au/sale/?terms=271+Findon+Road%2C+Flinders+Park+SA+5025
"1/29 Simmons Crescent,Flinders Park SA 5025",Flinders Park,5025,Western Coastal & Beachside,Auction Sat 17th Oct @ 11am,House,3,2,2,221 m²,8.61,Henley High School [Specialist Sports & Academic],Grade A- (Established Safe Residential Suburb ~40-46/1k),c.1965 - 1985 (Solid Brick Family),10/10/2026,https://www.domain.com.au/sale/?terms=1%2F29+Simmons+Crescent%2C+Flinders+Park+SA+5025
"12 Fowler Avenue,Flinders Park SA 5025",Flinders Park,5025,Western Coastal & Beachside,Expressions Of Interest,House,3,1,1,N/A,8.61,Henley High School [Specialist Sports & Academic],Grade A- (Established Safe Residential Suburb ~40-46/1k),c.1965 - 1985 (Solid Brick Family),10/10/2026,https://www.domain.com.au/sale/?terms=12+Fowler+Avenue%2C+Flinders+Park+SA+5025
"11 Beltana Street,Flinders Park SA 5025",Flinders Park,5025,Western Coastal & Beachside,UNDER CONTRACT,House,3,2,2,480 m²,8.61,Henley High School [Specialist Sports & Academic],Grade A- (Established Safe Residential Suburb ~40-46/1k),c.1965 - 1985 (Solid Brick Family),10/10/2026,https://www.domain.com.au/sale/?terms=11+Beltana+Street%2C+Flinders+Park+SA+5025
"22 Hartley Road,Flinders Park SA 5025",Flinders Park,5025,Western Coastal & Beachside,Auction Sat. 17th of October @10:30 am,House,3,2,5,450 m²,8.61,Henley High School [Specialist Sports & Academic],Grade A- (Established Safe Residential Suburb ~40-46/1k),c.1965 - 1985 (Solid Brick Family),10/10/2026,https://www.domain.com.au/sale/?terms=22+Hartley+Road%2C+Flinders+Park+SA+5025
"20 Brentwood Road,Flinders Park SA 5025",Flinders Park,5025,Western Coastal & Beachside,Contact Agent,House,3,1,2,N/A,8.61,Henley High School [Specialist Sports & Academic],Grade A- (Established Safe Residential Suburb ~40-46/1k),c.1965 - 1985 (Solid Brick Family),10/10/2026,https://www.domain.com.au/sale/?terms=20+Brentwood+Road%2C+Flinders+Park+SA+5025
"7 Kanbara Street,Flinders Park SA 5025",Flinders Park,5025,Western Coastal & Beachside,Under Contract by Crawford Doran,House,3,1,2,634 m²,8.61,Henley High School [Specialist Sports & Academic],Grade A- (Established Safe Residential Suburb ~40-46/1k),c.1965 - 1985 (Solid Brick Family),10/10/2026,https://www.domain.com.au/sale/?terms=7+Kanbara+Street%2C+Flinders+Park+SA+5025
"55A Drake Avenue,Flinders Park SA 5025",Flinders Park,5025,Western Coastal & Beachside,Auction On-Site Tuesday 27th October 4:45pm,House,3,2,2,355 m²,8.61,Henley High School [Specialist Sports & Academic],Grade A- (Established Safe Residential Suburb ~40-46/1k),c.1965 - 1985 (Solid Brick Family),10/10/2026,https://www.domain.com.au/sale/?terms=55A+Drake+Avenue%2C+Flinders+Park+SA+5025
"16 Toorak Avenue,Bellevue Heights SA 5050",Bellevue Heights,5050,City of Mitcham & Foothills,"$1,090,000 - $1,195,000",House,3,2,2,691 m²,8.79,Blackwood High School [Honours Program],Grade A- (Established Safe Residential Suburb ~40-46/1k),1971,19/09/2026,https://www.domain.com.au/sale/?terms=16+Toorak+Avenue%2C+Bellevue+Heights+SA+5050
"39 Rowells Road,Lockleys SA 5032",Lockleys,5032,Western Coastal & Beachside,Contact Agent.,House,3,2,2,163 m²,8.8,Henley High School [Specialist Sports & Academic],"Grade A (High Safety, Family Oriented ~30-36/1k)",c.1965 - 1985 (Solid Brick Family),10/10/2026,https://www.domain.com.au/sale/?terms=39+Rowells+Road%2C+Lockleys+SA+5032
"20A Douglas Street,Lockleys SA 5032",Lockleys,5032,Western Coastal & Beachside,Under Contract by Suzanna Paul!,House,3,2,4,429 m²,8.8,Henley High School [Specialist Sports & Academic],"Grade A (High Safety, Family Oriented ~30-36/1k)",c.1965 - 1985 (Solid Brick Family),10/10/2026,https://www.domain.com.au/sale/?terms=20A+Douglas+Street%2C+Lockleys+SA+5032
"18 Crane Avenue,Coromandel Valley SA 5051",Coromandel Valley,5051,City of Mitcham & Foothills,$829K — $869K,House,3,1,1,830 m²,9.16,Blackwood High School [Honours Program],Grade A+ (Extremely Low Crime ~14-18/1k - Safest in SA),1975,23/09/2026,https://www.domain.com.au/sale/?terms=18+Crane+Avenue%2C+Coromandel+Valley+SA+5051
"418 Main Road,Coromandel Valley SA 5051",Coromandel Valley,5051,City of Mitcham & Foothills,"$1,100,000 to $1,200,000",House,3,2,6,1162 m²,9.16,Blackwood High School [Honours Program],Grade A+ (Extremely Low Crime ~14-18/1k - Safest in SA),c.1965 - 1985 (Solid Brick Family),14/09/2026,https://www.domain.com.au/sale/?terms=418+Main+Road%2C+Coromandel+Valley+SA+5051
"9 Anya Crescent,Summertown SA 5141",Summertown,5141,Adelaide Hills & North-East Enclaves,"$1,150,000",House,3,2,4,"2,002 m²",9.25,Local Zoned Secondary College,Grade A- (Established Safe Residential Suburb ~40-46/1k),c.1965 - 1985 (Solid Brick Family),10/10/2026,https://www.domain.com.au/sale/?terms=9+Anya+Crescent%2C+Summertown+SA+5141
"43 Frogmore Road,Kidman Park SA 5025",Kidman Park,5025,Western Coastal & Beachside,"$1.25m - $1.35m/Offers Close Tues, 20th Oct - 12pm",House,3,1,4,592 m²,9.7,Henley High School [Specialist Sports & Academic],Grade A- (Established Safe Residential Suburb ~40-46/1k),c.1965 - 1985 (Solid Brick Family),10/10/2026,https://www.domain.com.au/sale/?terms=43+Frogmore+Road%2C+Kidman+Park+SA+5025
"8 Fairmont Avenue,Kidman Park SA 5025",Kidman Park,5025,Western Coastal & Beachside,Sold Prior to Auction by Gerard Pacillo,House,3,2,4,650 m²,9.7,Henley High School [Specialist Sports & Academic],Grade A- (Established Safe Residential Suburb ~40-46/1k),c.1965 - 1985 (Solid Brick Family),10/10/2026,https://www.domain.com.au/sale/?terms=8+Fairmont+Avenue%2C+Kidman+Park+SA+5025
"27A Hoskin Avenue,Kidman Park SA 5025",Kidman Park,5025,Western Coastal & Beachside,Contact Agent,House,3,2,2,188 m²,9.7,Henley High School [Specialist Sports & Academic],Grade A- (Established Safe Residential Suburb ~40-46/1k),c.1965 - 1985 (Solid Brick Family),10/10/2026,https://www.domain.com.au/sale/?terms=27A+Hoskin+Avenue%2C+Kidman+Park+SA+5025
"24 Hoskin Avenue,Kidman Park SA 5025",Kidman Park,5025,Western Coastal & Beachside,Expressions Of Interest,House,3,1,2,775 m²,9.7,Henley High School [Specialist Sports & Academic],Grade A- (Established Safe Residential Suburb ~40-46/1k),c.1965 - 1985 (Solid Brick Family),10/10/2026,https://www.domain.com.au/sale/?terms=24+Hoskin+Avenue%2C+Kidman+Park+SA+5025
"3/1 Coral Sea Road,Fulham SA 5024",Fulham,5024,Western Coastal & Beachside,$1.1M — $1.2M,House,3,2,2,N/A,10.46,Henley High School [Specialist Sports & Academic],Grade A- (Established Safe Residential Suburb ~40-46/1k),2024,10/10/2026,https://www.domain.com.au/sale/?terms=3%2F1+Coral+Sea+Road%2C+Fulham+SA+5024
"3 Carolyn Avenue,Fulham SA 5024",Fulham,5024,Western Coastal & Beachside,$1.25m - $1.35m,House,3,2,2,173 m²,10.46,Henley High School [Specialist Sports & Academic],Grade A- (Established Safe Residential Suburb ~40-46/1k),c.1965 - 1985 (Solid Brick Family),10/10/2026,https://www.domain.com.au/sale/?terms=3+Carolyn+Avenue%2C+Fulham+SA+5024
"30 Weetunga Street,Fulham SA 5024",Fulham,5024,Western Coastal & Beachside,Under Contract,House,3,2,2,N/A,10.46,Henley High School [Specialist Sports & Academic],Grade A- (Established Safe Residential Suburb ~40-46/1k),c.1965 - 1985 (Solid Brick Family),10/10/2026,https://www.domain.com.au/sale/?terms=30+Weetunga+Street%2C+Fulham+SA+5024
"D1 & D4/3 Gault Avenue,Fulham SA 5024",Fulham,5024,Western Coastal & Beachside,Contact Agent,House,3,2,2,N/A,10.46,Henley High School [Specialist Sports & Academic],Grade A- (Established Safe Residential Suburb ~40-46/1k),c.1965 - 1985 (Solid Brick Family),10/10/2026,https://www.domain.com.au/sale/?terms=D1+%26+D4%2F3+Gault+Avenue%2C+Fulham+SA+5024
"11b Muriel Avenue,Somerton Park SA 5044",Somerton Park,5044,Western Coastal & Beachside,"$990,000 - $1,050,000",House,3,2,2,N/A,10.75,Brighton Secondary School [Music & Special Interest Zone],Grade A+ (Ultra-Prestige Corridor ~20-25/1k),c.1965 - 1985 (Solid Brick Family),10/10/2026,https://www.domain.com.au/sale/?terms=11b+Muriel+Avenue%2C+Somerton+Park+SA+5044
"11 Muriel Avenue,Somerton Park SA 5044",Somerton Park,5044,Western Coastal & Beachside,"$1,190,000",House,3,2,2,184 m²,10.75,Brighton Secondary School [Music & Special Interest Zone],Grade A+ (Ultra-Prestige Corridor ~20-25/1k),c.1965 - 1985 (Solid Brick Family),10/10/2026,https://www.domain.com.au/sale/?terms=11+Muriel+Avenue%2C+Somerton+Park+SA+5044
"12 Rymill Road,Somerton Park SA 5044",Somerton Park,5044,Western Coastal & Beachside,Best Offers By 26/10 (USP),House,3,2,4,658 m²,10.75,Brighton Secondary School [Music & Special Interest Zone],Grade A+ (Ultra-Prestige Corridor ~20-25/1k),1955,10/10/2026,https://www.domain.com.au/sale/?terms=12+Rymill+Road%2C+Somerton+Park+SA+5044
"8/283 Brighton Road,Somerton Park SA 5044",Somerton Park,5044,Western Coastal & Beachside,Best Offer,House,3,2,2,N/A,10.75,Brighton Secondary School [Music & Special Interest Zone],Grade A+ (Ultra-Prestige Corridor ~20-25/1k),c.1965 - 1985 (Solid Brick Family),10/10/2026,https://www.domain.com.au/sale/?terms=8%2F283+Brighton+Road%2C+Somerton+Park+SA+5044
"25B Wilkinson Avenue,Somerton Park SA 5044",Somerton Park,5044,Western Coastal & Beachside,Under Contract,House,3,2,2,341 m²,10.75,Brighton Secondary School [Music & Special Interest Zone],Grade A+ (Ultra-Prestige Corridor ~20-25/1k),2018,10/10/2026,https://www.domain.com.au/sale/?terms=25B+Wilkinson+Avenue%2C+Somerton+Park+SA+5044
"68 Diagonal Road,Somerton Park SA 5044",Somerton Park,5044,Western Coastal & Beachside,Expression of interest,House,3,1,2,790 m²,10.75,Brighton Secondary School [Music & Special Interest Zone],Grade A+ (Ultra-Prestige Corridor ~20-25/1k),c.1965 - 1985 (Solid Brick Family),10/10/2026,https://www.domain.com.au/sale/?terms=68+Diagonal+Road%2C+Somerton+Park+SA+5044
"17/10 Gordon Street,Glenelg SA 5045",Glenelg,5045,Western Coastal & Beachside,"$630,000 to $650,000",Unit / Villa,3,1,2,80 m²,11.01,Brighton Secondary School [Music & Special Interest Zone],Grade A- (Established Safe Residential Suburb ~40-46/1k),c.1975 - 1990 (Solid Brick Colonial),10/10/2026,https://www.domain.com.au/sale/?terms=17%2F10+Gordon+Street%2C+Glenelg+SA+5045
"3/602 Anzac Highway,Glenelg East SA 5045",Glenelg East,5045,Western Coastal & Beachside,"$649,000 - $699,000",Unit / Villa,3,1,3,119 m²,11.01,Brighton Secondary School [Music & Special Interest Zone],Grade A- (Established Safe Residential Suburb ~40-46/1k),c.1975 - 1990 (Solid Brick Colonial),10/10/2026,https://www.domain.com.au/sale/?terms=3%2F602+Anzac+Highway%2C+Glenelg+East+SA+5045
"14/18 Broadway,Glenelg South SA 5045",Glenelg South,5045,Western Coastal & Beachside,$700k - $770k,Unit / Villa,3,1,1,N/A,11.01,Brighton Secondary School [Music & Special Interest Zone],Grade A- (Established Safe Residential Suburb ~40-46/1k),c.1975 - 1990 (Solid Brick Colonial),10/10/2026,https://www.domain.com.au/sale/?terms=14%2F18+Broadway%2C+Glenelg+South+SA+5045
"2/24 Brighton Road,Glenelg East SA 5045",Glenelg East,5045,Western Coastal & Beachside,$915k - $950k,House,3,1,2,227 m²,11.01,Brighton Secondary School [Music & Special Interest Zone],Grade A- (Established Safe Residential Suburb ~40-46/1k),c.1965 - 1985 (Solid Brick Family),10/10/2026,https://www.domain.com.au/sale/?terms=2%2F24+Brighton+Road%2C+Glenelg+East+SA+5045
"1, 3-8/558-560 Anzac Highway,Glenelg East SA 5045",Glenelg East,5045,Western Coastal & Beachside,Presenting ALL Offers,Townhouse,3,2,2,N/A,11.01,Brighton Secondary School [Music & Special Interest Zone],Grade A- (Established Safe Residential Suburb ~40-46/1k),c.2005 - 2020 (Modern Executive),10/10/2026,https://www.domain.com.au/sale/?terms=1%2C+3-8%2F558-560+Anzac+Highway%2C+Glenelg+East+SA+5045
"2A Blackburn Avenue,Glenelg North SA 5045",Glenelg North,5045,Western Coastal & Beachside,Best Offers By 26/10 (USP),House,3,2,2,381 m²,11.01,Brighton Secondary School [Music & Special Interest Zone],Grade A- (Established Safe Residential Suburb ~40-46/1k),c.1965 - 1985 (Solid Brick Family),10/10/2026,https://www.domain.com.au/sale/?terms=2A+Blackburn+Avenue%2C+Glenelg+North+SA+5045
"17/18 Broadway,Glenelg South SA 5045",Glenelg South,5045,Western Coastal & Beachside,Contact Agent,Unit / Villa,3,1,1,N/A,11.01,Brighton Secondary School [Music & Special Interest Zone],Grade A- (Established Safe Residential Suburb ~40-46/1k),c.1975 - 1990 (Solid Brick Colonial),10/10/2026,https://www.domain.com.au/sale/?terms=17%2F18+Broadway%2C+Glenelg+South+SA+5045
"22 Warkeerin Road,Dernancourt SA 5075",Dernancourt,5075,Adelaide Hills & North-East Enclaves,Auction On-Site Sunday 25th October 11:00AM,House,3,2,3,650 m²,11.46,Local Zoned Secondary College,Grade A- (Established Safe Residential Suburb ~40-46/1k),c.1965 - 1985 (Solid Brick Family),08/10/2026,https://www.domain.com.au/sale/?terms=22+Warkeerin+Road%2C+Dernancourt+SA+5075
"Lot 2, 3 Dernancourt Drive,Dernancourt SA 5075",Dernancourt,5075,Adelaide Hills & North-East Enclaves,Best Offers By 28th of September 26 (USP),House,3,2,4,176 m²,11.46,Local Zoned Secondary College,Grade A- (Established Safe Residential Suburb ~40-46/1k),c.1965 - 1985 (Solid Brick Family),10/10/2026,https://www.domain.com.au/sale/?terms=Lot+2%2C+3+Dernancourt+Drive%2C+Dernancourt+SA+5075
"10 Arcowie Road,Dernancourt SA 5075",Dernancourt,5075,Adelaide Hills & North-East Enclaves,Best Offers By 25th September 12:00PM,House,3,2,1,180 m²,11.46,Local Zoned Secondary College,Grade A- (Established Safe Residential Suburb ~40-46/1k),2021,10/10/2026,https://www.domain.com.au/sale/?terms=10+Arcowie+Road%2C+Dernancourt+SA+5075
"847 Lower North East Road,Dernancourt SA 5075",Dernancourt,5075,Adelaide Hills & North-East Enclaves,Best Offers By Tues 13th October 12:00PM,House,3,1,3,688 m²,11.46,Local Zoned Secondary College,Grade A- (Established Safe Residential Suburb ~40-46/1k),c.1965 - 1985 (Solid Brick Family),10/10/2026,https://www.domain.com.au/sale/?terms=847+Lower+North+East+Road%2C+Dernancourt+SA+5075
"15 Miami Avenue,West Beach SA 5024",West Beach,5024,Western Coastal & Beachside,Sold - Awaiting Settlement,House,3,2,2,N/A,11.62,Henley High School [Specialist Sports & Academic],"Grade A (High Safety, Family Oriented ~30-36/1k)",c.1965 - 1985 (Solid Brick Family),08/10/2026,https://www.domain.com.au/sale/?terms=15+Miami+Avenue%2C+West+Beach+SA+5024
"1/582-584 Grange Road,Henley Beach SA 5022",Henley Beach,5022,Western Coastal & Beachside,Contact Agent,Unit / Villa,3,1,3,86 m²,12.15,Henley High School [Specialist Sports & Academic],"Grade A (High Safety, Family Oriented ~30-36/1k)",c.1975 - 1990 (Solid Brick Colonial),04/10/2026,https://www.domain.com.au/sale/?terms=1%2F582-584+Grange+Road%2C+Henley+Beach+SA+5022
"574 Grange Road,Henley Beach SA 5022",Henley Beach,5022,Western Coastal & Beachside,Contact Agent,House,3,2,3,350 m²,12.15,Henley High School [Specialist Sports & Academic],"Grade A (High Safety, Family Oriented ~30-36/1k)",c.1965 - 1985 (Solid Brick Family),08/10/2026,https://www.domain.com.au/sale/?terms=574+Grange+Road%2C+Henley+Beach+SA+5022
"294a Seaview Road,Henley Beach SA 5022",Henley Beach,5022,Western Coastal & Beachside,Contact Agent,House,3,1,4,921 m²,12.15,Henley High School [Specialist Sports & Academic],"Grade A (High Safety, Family Oriented ~30-36/1k)",c.1965 - 1985 (Solid Brick Family),08/10/2026,https://www.domain.com.au/sale/?terms=294a+Seaview+Road%2C+Henley+Beach+SA+5022
"26A Tucker Street,South Brighton SA 5048",South Brighton,5048,Western Coastal & Beachside,"$700,000",House,3,2,1,371 m²,12.37,Brighton Secondary School [Music & Special Interest Zone],"Grade A (High Safety, Family Oriented ~30-36/1k)",c.1965 - 1985 (Solid Brick Family),10/10/2026,https://www.domain.com.au/sale/?terms=26A+Tucker+Street%2C+South+Brighton+SA+5048
"Allotment 13A Hackett Way,Brighton SA 5048",Brighton,5048,Western Coastal & Beachside,"$949,000",House,3,2,1,161 m²,12.37,Brighton Secondary School [Music & Special Interest Zone],"Grade A (High Safety, Family Oriented ~30-36/1k)",c.1965 - 1985 (Solid Brick Family),10/10/2026,https://www.domain.com.au/sale/?terms=Allotment+13A+Hackett+Way%2C+Brighton+SA+5048
"Allotment 12A Hackett Way,Brighton SA 5048",Brighton,5048,Western Coastal & Beachside,"$1,099,000",House,3,2,2,164 m²,12.37,Brighton Secondary School [Music & Special Interest Zone],"Grade A (High Safety, Family Oriented ~30-36/1k)",c.1965 - 1985 (Solid Brick Family),10/10/2026,https://www.domain.com.au/sale/?terms=Allotment+12A+Hackett+Way%2C+Brighton+SA+5048
"22A Neath Avenue,South Brighton SA 5048",South Brighton,5048,Western Coastal & Beachside,$1.1M — $1.2M,House,3,2,3,408 m²,12.37,Brighton Secondary School [Music & Special Interest Zone],"Grade A (High Safety, Family Oriented ~30-36/1k)",c.1965 - 1985 (Solid Brick Family),10/10/2026,https://www.domain.com.au/sale/?terms=22A+Neath+Avenue%2C+South+Brighton+SA+5048
"54B Cedar Avenue,Brighton SA 5048",Brighton,5048,Western Coastal & Beachside,"$1,150,000 - $1,250,000",Townhouse,3,2,2,183 m²,12.37,Brighton Secondary School [Music & Special Interest Zone],"Grade A (High Safety, Family Oriented ~30-36/1k)",2020,10/10/2026,https://www.domain.com.au/sale/?terms=54B+Cedar+Avenue%2C+Brighton+SA+5048
"1 Olive Street,North Brighton SA 5048",North Brighton,5048,Western Coastal & Beachside,Under Contract,House,3,2,4,230 m²,12.37,Brighton Secondary School [Music & Special Interest Zone],"Grade A (High Safety, Family Oriented ~30-36/1k)",c.1965 - 1985 (Solid Brick Family),08/10/2026,https://www.domain.com.au/sale/?terms=1+Olive+Street%2C+North+Brighton+SA+5048
"74 Dunrobin Road,Hove SA 5048",Hove,5048,Western Coastal & Beachside,$849K,House,3,1,2,632 m²,12.45,Brighton Secondary School [Music & Special Interest Zone],Grade A- (Established Safe Residential Suburb ~40-46/1k),c.1965 - 1985 (Solid Brick Family),10/10/2026,https://www.domain.com.au/sale/?terms=74+Dunrobin+Road%2C+Hove+SA+5048
"29 Shephard Street,Hove SA 5048",Hove,5048,Western Coastal & Beachside,"$1,050,000",House,3,1,0,409 m²,12.45,Brighton Secondary School [Music & Special Interest Zone],Grade A- (Established Safe Residential Suburb ~40-46/1k),c.1965 - 1985 (Solid Brick Family),10/10/2026,https://www.domain.com.au/sale/?terms=29+Shephard+Street%2C+Hove+SA+5048
"4 Railway Terrace,Hove SA 5048",Hove,5048,Western Coastal & Beachside,Contact Agent,House,3,2,2,N/A,12.45,Brighton Secondary School [Music & Special Interest Zone],Grade A- (Established Safe Residential Suburb ~40-46/1k),c.1965 - 1985 (Solid Brick Family),10/10/2026,https://www.domain.com.au/sale/?terms=4+Railway+Terrace%2C+Hove+SA+5048
"28 Rogers Street,Highbury SA 5089",Highbury,5089,Adelaide Hills & North-East Enclaves,Auction On-Site Sunday 25th October 1:00PM,House,3,2,1,363 m²,12.87,Local Zoned Secondary College,Grade A- (Established Safe Residential Suburb ~40-46/1k),c.1965 - 1985 (Solid Brick Family),06/10/2026,https://www.domain.com.au/sale/?terms=28+Rogers+Street%2C+Highbury+SA+5089
"1/615 Brighton Road,Seacliff SA 5049",Seacliff,5049,Western Coastal & Beachside,$799K — $875K,House,3,2,2,215 m²,13.63,Brighton Secondary School [Music & Special Interest Zone],Grade A+ (Ultra-Prestige Corridor ~20-25/1k),c.1965 - 1985 (Solid Brick Family),07/10/2026,https://www.domain.com.au/sale/?terms=1%2F615+Brighton+Road%2C+Seacliff+SA+5049
"587 Brighton Road,Seacliff SA 5049",Seacliff,5049,Western Coastal & Beachside,$895K — $980K,House,3,2,4,540 m²,13.63,Brighton Secondary School [Music & Special Interest Zone],Grade A+ (Ultra-Prestige Corridor ~20-25/1k),1965,08/10/2026,https://www.domain.com.au/sale/?terms=587+Brighton+Road%2C+Seacliff+SA+5049
"20 Lamington Avenue,Seacliff Park SA 5049",Seacliff Park,5049,Western Coastal & Beachside,"$949,000 - $999,000",House,3,2,2,140 m²,13.63,Brighton Secondary School [Music & Special Interest Zone],Grade A+ (Ultra-Prestige Corridor ~20-25/1k),c.1965 - 1985 (Solid Brick Family),10/10/2026,https://www.domain.com.au/sale/?terms=20+Lamington+Avenue%2C+Seacliff+Park+SA+5049
"60 Davenport Terrace,Seacliff Park SA 5049",Seacliff Park,5049,Western Coastal & Beachside,"$960,000",House,3,2,1,283 m²,13.63,Brighton Secondary School [Music & Special Interest Zone],Grade A+ (Ultra-Prestige Corridor ~20-25/1k),c.1965 - 1985 (Solid Brick Family),10/10/2026,https://www.domain.com.au/sale/?terms=60+Davenport+Terrace%2C+Seacliff+Park+SA+5049
"53C Wheatland Street,Seacliff SA 5049",Seacliff,5049,Western Coastal & Beachside,Under Contract,House,3,3,4,317 m²,13.63,Brighton Secondary School [Music & Special Interest Zone],Grade A+ (Ultra-Prestige Corridor ~20-25/1k),2000,10/10/2026,https://www.domain.com.au/sale/?terms=53C+Wheatland+Street%2C+Seacliff+SA+5049
"14 Heysen Crescent,West Lakes Shore SA 5020",West Lakes Shore,5020,Western Coastal & Beachside,Best offer on or before 21 October,House,3,2,5,364 m²,14.63,Henley High School [Specialist Sports & Academic],Grade A- (Established Safe Residential Suburb ~40-46/1k),c.1965 - 1985 (Solid Brick Family),08/10/2026,https://www.domain.com.au/sale/?terms=14+Heysen+Crescent%2C+West+Lakes+Shore+SA+5020
"2/2 Anglers Court,West Lakes Shore SA 5020",West Lakes Shore,5020,Western Coastal & Beachside,Deceased Estate | Auction 20/10,House,3,2,2,N/A,14.63,Henley High School [Specialist Sports & Academic],Grade A- (Established Safe Residential Suburb ~40-46/1k),c.1965 - 1985 (Solid Brick Family),08/10/2026,https://www.domain.com.au/sale/?terms=2%2F2+Anglers+Court%2C+West+Lakes+Shore+SA+5020
"39A The Annie Watt Circuit,West Lakes Shore SA 5020",West Lakes Shore,5020,Western Coastal & Beachside,Off Market Opportunity!,House,3,2,2,N/A,14.63,Henley High School [Specialist Sports & Academic],Grade A- (Established Safe Residential Suburb ~40-46/1k),c.1965 - 1985 (Solid Brick Family),10/10/2026,https://www.domain.com.au/sale/?terms=39A+The+Annie+Watt+Circuit%2C+West+Lakes+Shore+SA+5020
"Proposed 1 & 2/5 Santiago Street,West Lakes Shore SA 5020",West Lakes Shore,5020,Western Coastal & Beachside,Contact Agent,House,3,2,3,307 m²,14.63,Henley High School [Specialist Sports & Academic],Grade A- (Established Safe Residential Suburb ~40-46/1k),c.1965 - 1985 (Solid Brick Family),10/10/2026,https://www.domain.com.au/sale/?terms=Proposed+1+%26+2%2F5+Santiago+Street%2C+West+Lakes+Shore+SA+5020
"9 Anthea Court,West Lakes SA 5021",West Lakes,5021,Western Coastal & Beachside,Close Of Offers 12th Oct @12pm (usp),House,3,2,3,209 m²,14.63,Henley High School [Specialist Sports & Academic],Grade A- (Established Safe Residential Suburb ~40-46/1k),c.1965 - 1985 (Solid Brick Family),10/10/2026,https://www.domain.com.au/sale/?terms=9+Anthea+Court%2C+West+Lakes+SA+5021
"146 Bradbury Road,Mylor SA 5153",Mylor,5153,Adelaide Hills & North-East Enclaves,$1.2m - $1.32m,House,3,2,3,"7,154 m²",14.71,Heathfield High School [Top Hills High],Grade A+ (Extremely Low Crime ~14-18/1k - Safest in SA),1950,08/10/2026,https://www.domain.com.au/sale/?terms=146+Bradbury+Road%2C+Mylor+SA+5153
"5 Way Place,Marino SA 5049",Marino,5049,Western Coastal & Beachside,Contact Agent,House,3,1,2,936 m²,14.91,Brighton Secondary School [Music & Special Interest Zone],Grade A- (Established Safe Residential Suburb ~40-46/1k),c.1965 - 1985 (Solid Brick Family),10/10/2026,https://www.domain.com.au/sale/?terms=5+Way+Place%2C+Marino+SA+5049
"3/13 Leane Avenue,Ridgehaven SA 5097",Ridgehaven,5097,Adelaide Hills & North-East Enclaves,"$600,000 - $620,000",Unit / Villa,3,1,2,331 m²,16.48,Local Zoned Secondary College,Grade A- (Established Safe Residential Suburb ~40-46/1k),c.1975 - 1990 (Solid Brick Colonial),10/10/2026,https://www.domain.com.au/sale/?terms=3%2F13+Leane+Avenue%2C+Ridgehaven+SA+5097
"18A Albion Street,Ridgehaven SA 5097",Ridgehaven,5097,Adelaide Hills & North-East Enclaves,"$889,000 - $919,000",House,3,2,1,172.2 m²,16.48,Local Zoned Secondary College,Grade A- (Established Safe Residential Suburb ~40-46/1k),c.1965 - 1985 (Solid Brick Family),10/10/2026,https://www.domain.com.au/sale/?terms=18A+Albion+Street%2C+Ridgehaven+SA+5097
"37A Arthur Street,Ridgehaven SA 5097",Ridgehaven,5097,Adelaide Hills & North-East Enclaves,Expressions of Interest,House,3,1,2,400 m²,16.48,Local Zoned Secondary College,Grade A- (Established Safe Residential Suburb ~40-46/1k),c.1965 - 1985 (Solid Brick Family),10/10/2026,https://www.domain.com.au/sale/?terms=37A+Arthur+Street%2C+Ridgehaven+SA+5097
"41A Hazel Grove,Ridgehaven SA 5097",Ridgehaven,5097,Adelaide Hills & North-East Enclaves,Under Contract | Contact Agents,House,3,2,1,344 m²,16.48,Local Zoned Secondary College,Grade A- (Established Safe Residential Suburb ~40-46/1k),2014,10/10/2026,https://www.domain.com.au/sale/?terms=41A+Hazel+Grove%2C+Ridgehaven+SA+5097
"4/21 Hazel Grove,Ridgehaven SA 5097",Ridgehaven,5097,Adelaide Hills & North-East Enclaves,Under Contract,Unit / Villa,3,2,1,1235.610432 m²,16.48,Local Zoned Secondary College,Grade A- (Established Safe Residential Suburb ~40-46/1k),c.1975 - 1990 (Solid Brick Colonial),10/10/2026,https://www.domain.com.au/sale/?terms=4%2F21+Hazel+Grove%2C+Ridgehaven+SA+5097
"21 Grandview Drive,Tea Tree Gully SA 5091",Tea Tree Gully,5091,Adelaide Hills & North-East Enclaves,"$875,000 - $935,000",House,3,2,1,345 m²,16.9,Golden Grove High School / Pedare / Gleeson,Grade A- (Established Safe Residential Suburb ~40-46/1k),2020,10/10/2026,https://www.domain.com.au/sale/?terms=21+Grandview+Drive%2C+Tea+Tree+Gully+SA+5091
"13 Heitmann Court,Tea Tree Gully SA 5091",Tea Tree Gully,5091,Adelaide Hills & North-East Enclaves,"$899,000-949,000",House,3,2,8,767 m²,16.9,Golden Grove High School / Pedare / Gleeson,Grade A- (Established Safe Residential Suburb ~40-46/1k),c.1965 - 1985 (Solid Brick Family),10/10/2026,https://www.domain.com.au/sale/?terms=13+Heitmann+Court%2C+Tea+Tree+Gully+SA+5091
"13 Perseverance Road,Tea Tree Gully SA 5091",Tea Tree Gully,5091,Adelaide Hills & North-East Enclaves,New Release.,House,3,2,1,140 m²,16.9,Golden Grove High School / Pedare / Gleeson,Grade A- (Established Safe Residential Suburb ~40-46/1k),c.1965 - 1985 (Solid Brick Family),08/10/2026,https://www.domain.com.au/sale/?terms=13+Perseverance+Road%2C+Tea+Tree+Gully+SA+5091
"6 Watson Street,Redwood Park SA 5097",Redwood Park,5097,Adelaide Hills & North-East Enclaves,"$840,000-$880,000",House,3,1,5,719 m²,17.11,Local Zoned Secondary College,Grade A- (Established Safe Residential Suburb ~40-46/1k),c.1965 - 1985 (Solid Brick Family),10/10/2026,https://www.domain.com.au/sale/?terms=6+Watson+Street%2C+Redwood+Park+SA+5097
"38 Gaylard Crescent,Redwood Park SA 5097",Redwood Park,5097,Adelaide Hills & North-East Enclaves,"$895,000 - $949,000",House,3,2,2,1885.931712 m²,17.11,Local Zoned Secondary College,Grade A- (Established Safe Residential Suburb ~40-46/1k),c.1965 - 1985 (Solid Brick Family),10/10/2026,https://www.domain.com.au/sale/?terms=38+Gaylard+Crescent%2C+Redwood+Park+SA+5097
"43 Riverside Drive,Redwood Park SA 5097",Redwood Park,5097,Adelaide Hills & North-East Enclaves,EXPRESSIONS OF INTEREST 12 OCTOBER,House,3,1,4,137 m²,17.11,Local Zoned Secondary College,Grade A- (Established Safe Residential Suburb ~40-46/1k),c.1965 - 1985 (Solid Brick Family),10/10/2026,https://www.domain.com.au/sale/?terms=43+Riverside+Drive%2C+Redwood+Park+SA+5097
"578 Milne Road,Banksia Park SA 5091",Banksia Park,5091,Adelaide Hills & North-East Enclaves,$780000 to $830000,House,3,1,3,730 m²,18.32,Golden Grove High School / Pedare / Gleeson,Grade A- (Established Safe Residential Suburb ~40-46/1k),c.1965 - 1985 (Solid Brick Family),10/10/2026,https://www.domain.com.au/sale/?terms=578+Milne+Road%2C+Banksia+Park+SA+5091
"63 Casuarina Avenue,Surrey Downs SA 5126",Surrey Downs,5126,Adelaide Hills & North-East Enclaves,"$690,000 - $720,000",House,3,1,1,575 m²,19.29,Golden Grove High School / Pedare / Gleeson,Grade A- (Established Safe Residential Suburb ~40-46/1k),c.1965 - 1985 (Solid Brick Family),10/10/2026,https://www.domain.com.au/sale/?terms=63+Casuarina+Avenue%2C+Surrey+Downs+SA+5126
"17 Wyndham Crescent,Surrey Downs SA 5126",Surrey Downs,5126,Adelaide Hills & North-East Enclaves,"$849,000 - $899,000",House,3,1,2,717 m²,19.29,Golden Grove High School / Pedare / Gleeson,Grade A- (Established Safe Residential Suburb ~40-46/1k),c.1965 - 1985 (Solid Brick Family),10/10/2026,https://www.domain.com.au/sale/?terms=17+Wyndham+Crescent%2C+Surrey+Downs+SA+5126
"71 Casuarina Avenue,Surrey Downs SA 5126",Surrey Downs,5126,Adelaide Hills & North-East Enclaves,Contact Agent,House,3,1,4,570 m²,19.29,Golden Grove High School / Pedare / Gleeson,Grade A- (Established Safe Residential Suburb ~40-46/1k),c.1965 - 1985 (Solid Brick Family),10/10/2026,https://www.domain.com.au/sale/?terms=71+Casuarina+Avenue%2C+Surrey+Downs+SA+5126
"7/14 Sandstock Boulevard,Golden Grove SA 5125",Golden Grove,5125,Adelaide Hills & North-East Enclaves,"$865,000",House,3,2,2,182 m²,20.78,Golden Grove High School / Pedare / Gleeson,"Grade A (High Safety, Family Oriented ~30-36/1k)",c.1965 - 1985 (Solid Brick Family),10/10/2026,https://www.domain.com.au/sale/?terms=7%2F14+Sandstock+Boulevard%2C+Golden+Grove+SA+5125
"11 Cornwall Street,Golden Grove SA 5125",Golden Grove,5125,Adelaide Hills & North-East Enclaves,Offers Closing: 12pm Tues 13th October,House,3,2,2,N/A,20.78,Golden Grove High School / Pedare / Gleeson,"Grade A (High Safety, Family Oriented ~30-36/1k)",c.1965 - 1985 (Solid Brick Family),10/10/2026,https://www.domain.com.au/sale/?terms=11+Cornwall+Street%2C+Golden+Grove+SA+5125
"9 Inverary Close,Greenwith SA 5125",Greenwith,5125,Adelaide Hills & North-East Enclaves,"$689,000",House,3,1,2,118 m²,22.4,Golden Grove High School / Pedare / Gleeson,"Grade A (High Safety, Family Oriented ~30-36/1k)",c.1965 - 1985 (Solid Brick Family),10/10/2026,https://www.domain.com.au/sale/?terms=9+Inverary+Close%2C+Greenwith+SA+5125
"8 Lakeside Court,Greenwith SA 5125",Greenwith,5125,Adelaide Hills & North-East Enclaves,"$699,000 - $729,000",House,3,1,1,275 m²,22.4,Golden Grove High School / Pedare / Gleeson,"Grade A (High Safety, Family Oriented ~30-36/1k)",c.1965 - 1985 (Solid Brick Family),03/10/2026,https://www.domain.com.au/sale/?terms=8+Lakeside+Court%2C+Greenwith+SA+5125
"9 Lake Magenta Court,Greenwith SA 5125",Greenwith,5125,Adelaide Hills & North-East Enclaves,"$799,000 - $829,000",House,3,1,2,330 m²,22.4,Golden Grove High School / Pedare / Gleeson,"Grade A (High Safety, Family Oriented ~30-36/1k)",1995,10/10/2026,https://www.domain.com.au/sale/?terms=9+Lake+Magenta+Court%2C+Greenwith+SA+5125
